{
  "center": [
    -4.5777857142857155,
    3.3800714285714286,
    15.232999999999999
  ],
  "size": [
    25.0,
    25.0,
    25.0
  ]
}