{
  "center": [
    17.07930769230769,
    16.851846153846154,
    21.53507692307692
  ],
  "size": [
    25.0,
    25.0,
    25.0
  ]
}