{
  "center": [
    35.5114375,
    40.4954375,
    -6.192812500000001
  ],
  "size": [
    25.0,
    25.0,
    25.0
  ]
}