{
  "center": [
    22.6641724137931,
    6.689551724137932,
    14.24434482758621
  ],
  "size": [
    25.0,
    25.0,
    25.0
  ]
}