{
  "center": [
    2.841833333333334,
    67.45194444444445,
    63.05377777777778
  ],
  "size": [
    25.0,
    25.0,
    25.0
  ]
}