{
  "center": [
    35.919799999999995,
    50.40493333333334,
    13.480066666666666
  ],
  "size": [
    25.0,
    25.0,
    25.0
  ]
}