{
  "center": [
    -9.285411764705882,
    8.96,
    10.691176470588236
  ],
  "size": [
    25.0,
    25.0,
    25.0
  ]
}