{
  "center": [
    58.338599999999985,
    9.71588,
    4.08624
  ],
  "size": [
    25.0,
    25.0,
    25.0
  ]
}