{
  "center": [
    28.237080000000006,
    67.38047999999999,
    9.084999999999999
  ],
  "size": [
    25.0,
    25.0,
    25.0
  ]
}