{
  "center": [
    3.4719999999999995,
    -6.2155,
    7.018416666666667
  ],
  "size": [
    25.0,
    25.0,
    25.0
  ]
}