{
  "center": [
    12.168238095238095,
    51.37376190476191,
    59.4632380952381
  ],
  "size": [
    25.0,
    25.0,
    25.0
  ]
}