{
  "center": [
    -4.2540625,
    3.7020000000000004,
    15.200312499999999
  ],
  "size": [
    25.0,
    25.0,
    25.0
  ]
}