{
  "center": [
    42.46123076923076,
    31.12576923076923,
    32.515
  ],
  "size": [
    25.0,
    25.0,
    25.0
  ]
}