{
  "center": [
    39.08357142857143,
    5.019619047619048,
    6.719714285714285
  ],
  "size": [
    25.0,
    25.0,
    25.0
  ]
}