{
  "center": [
    83.455875,
    71.15825000000001,
    -10.334937499999999
  ],
  "size": [
    25.0,
    25.0,
    25.0
  ]
}