{
  "center": [
    7.158636363636364,
    5.498227272727274,
    23.06209090909091
  ],
  "size": [
    25.0,
    25.0,
    25.0
  ]
}