{
  "center": [
    27.628071428571428,
    2.4521428571428574,
    5.460464285714283
  ],
  "size": [
    25.0,
    25.0,
    25.0
  ]
}