{
  "center": [
    3.0632307692307683,
    -11.785346153846152,
    -8.279153846153847
  ],
  "size": [
    25.0,
    25.0,
    25.0
  ]
}