{
  "center": [
    23.182999999999996,
    15.46275,
    32.15058333333333
  ],
  "size": [
    25.0,
    25.0,
    25.0
  ]
}