{
  "center": [
    -18.9845,
    37.131875,
    -1.084958333333333
  ],
  "size": [
    25.0,
    25.0,
    25.0
  ]
}