{
  "center": [
    55.41479166666665,
    2.2855416666666666,
    4.373833333333335
  ],
  "size": [
    25.0,
    25.0,
    25.0
  ]
}