{
  "center": [
    -19.073620689655172,
    -35.43193103448276,
    2.563413793103449
  ],
  "size": [
    25.0,
    25.0,
    25.0
  ]
}