{
  "center": [
    1.1567000000000005,
    28.44996666666667,
    8.538566666666666
  ],
  "size": [
    25.0,
    25.0,
    25.0
  ]
}