{
  "center": [
    17.37666666666667,
    17.34561111111111,
    20.343055555555555
  ],
  "size": [
    25.0,
    25.0,
    25.0
  ]
}