{
  "center": [
    -7.879541666666668,
    55.88004166666668,
    12.167666666666667
  ],
  "size": [
    25.0,
    25.0,
    25.0
  ]
}