{
  "center": [
    4.149666666666666,
    13.232555555555555,
    43.576
  ],
  "size": [
    25.0,
    25.0,
    25.0
  ]
}