{
  "center": [
    -7.268833333333332,
    4.781083333333334,
    24.61883333333333
  ],
  "size": [
    25.0,
    25.0,
    25.0
  ]
}