{
  "center": [
    21.58557142857143,
    35.52464285714286,
    5.310178571428572
  ],
  "size": [
    25.0,
    25.0,
    25.0
  ]
}