{
  "center": [
    -33.23629411764706,
    -8.501411764705882,
    13.358411764705881
  ],
  "size": [
    25.0,
    25.0,
    25.0
  ]
}