{
  "center": [
    7.562026315789474,
    30.350684210526317,
    56.63665789473685
  ],
  "size": [
    25.0,
    25.0,
    25.0
  ]
}