{
  "center": [
    18.08452,
    52.275079999999996,
    37.826480000000004
  ],
  "size": [
    25.0,
    25.0,
    25.0
  ]
}