{
  "center": [
    69.63668750000001,
    49.989000000000004,
    10.159500000000001
  ],
  "size": [
    25.0,
    25.0,
    25.0
  ]
}