{
  "center": [
    23.86528571428571,
    36.66614285714286,
    41.535000000000004
  ],
  "size": [
    25.0,
    25.0,
    25.0
  ]
}