{
  "center": [
    -0.9872941176470585,
    40.698,
    24.09788235294118
  ],
  "size": [
    25.0,
    25.0,
    25.0
  ]
}