{
  "center": [
    11.099193548387097,
    -24.653612903225806,
    -20.857677419354836
  ],
  "size": [
    25.0,
    25.0,
    25.0
  ]
}