{
  "center": [
    -37.868928571428576,
    5.252571428571428,
    11.103785714285712
  ],
  "size": [
    25.0,
    25.0,
    25.0
  ]
}