{
  "center": [
    30.64514285714286,
    66.26721428571429,
    8.476357142857143
  ],
  "size": [
    25.0,
    25.0,
    25.0
  ]
}