{
  "center": [
    -25.42018421052631,
    -54.132289473684224,
    -10.239552631578947
  ],
  "size": [
    25.0,
    25.0,
    25.0
  ]
}