{
  "center": [
    5.06263888888889,
    6.464194444444446,
    16.85761111111112
  ],
  "size": [
    25.0,
    25.0,
    25.0
  ]
}