{
  "center": [
    -0.38419047619047625,
    35.23038095238095,
    102.91609523809522
  ],
  "size": [
    25.0,
    25.0,
    25.0
  ]
}