{
  "center": [
    25.7705,
    46.194875,
    6.137375000000001
  ],
  "size": [
    25.0,
    25.0,
    25.0
  ]
}