{
  "center": [
    -6.738761904761906,
    55.344523809523814,
    11.99380952380952
  ],
  "size": [
    25.0,
    25.0,
    25.0
  ]
}