{
  "center": [
    -2.63275,
    9.6685625,
    18.8686875
  ],
  "size": [
    25.0,
    25.0,
    25.0
  ]
}