{
  "center": [
    6.239333333333333,
    56.777499999999996,
    1.283388888888889
  ],
  "size": [
    25.0,
    25.0,
    25.0
  ]
}