{
  "center": [
    3.7662499999999994,
    13.016666666666666,
    42.29383333333333
  ],
  "size": [
    25.0,
    25.0,
    25.0
  ]
}