{
  "center": [
    6.5369375,
    -11.295249999999998,
    3.4593124999999993
  ],
  "size": [
    25.0,
    25.0,
    25.0
  ]
}