{
  "center": [
    43.65404,
    -1.1581999999999997,
    31.17388
  ],
  "size": [
    25.0,
    25.0,
    25.0
  ]
}