{
  "center": [
    -2.276823529411765,
    -4.730294117647059,
    -5.961529411764706
  ],
  "size": [
    25.0,
    25.0,
    25.0
  ]
}