{
  "center": [
    5.154349999999999,
    -19.708900000000003,
    -11.808499999999999
  ],
  "size": [
    25.0,
    25.0,
    25.0
  ]
}