{
  "center": [
    12.379150000000001,
    18.004625,
    -39.56387500000001
  ],
  "size": [
    25.0,
    25.0,
    25.0
  ]
}