{
  "center": [
    4.671391304347827,
    12.81013043478261,
    43.72317391304348
  ],
  "size": [
    25.0,
    25.0,
    25.0
  ]
}