{
  "center": [
    11.56568,
    26.35,
    9.48536
  ],
  "size": [
    25.0,
    25.0,
    25.0
  ]
}