{
  "center": [
    -2.814722222222222,
    8.997333333333332,
    19.42772222222222
  ],
  "size": [
    25.0,
    25.0,
    25.0
  ]
}