{
  "center": [
    27.977172413793106,
    2.3571724137931036,
    6.252448275862068
  ],
  "size": [
    25.0,
    25.0,
    25.0
  ]
}