{
  "center": [
    -0.19230769230769232,
    11.332076923076924,
    9.053923076923079
  ],
  "size": [
    25.0,
    25.0,
    25.0
  ]
}