{
  "center": [
    102.73405,
    22.285249999999998,
    35.386399999999995
  ],
  "size": [
    25.0,
    25.0,
    25.0
  ]
}