{
  "center": [
    30.01390909090909,
    -6.5296818181818175,
    62.47290909090909
  ],
  "size": [
    25.0,
    25.0,
    25.0
  ]
}