{
  "center": [
    -10.095227272727271,
    46.02254545454546,
    1.394181818181818
  ],
  "size": [
    25.0,
    25.0,
    25.0
  ]
}