{
  "center": [
    -1.9580625,
    3.159125,
    10.134875
  ],
  "size": [
    25.0,
    25.0,
    25.0
  ]
}