{
  "center": [
    -5.784857142857142,
    -23.557571428571425,
    23.19278571428571
  ],
  "size": [
    25.0,
    25.0,
    25.0
  ]
}