{
  "center": [
    -38.917409090909096,
    -60.904136363636376,
    -48.229681818181824
  ],
  "size": [
    25.0,
    25.0,
    25.0
  ]
}