{
  "center": [
    2.5771666666666664,
    63.77041666666667,
    68.63872222222223
  ],
  "size": [
    25.0,
    25.0,
    25.0
  ]
}