{
  "center": [
    -11.958899999999996,
    2.9153,
    10.206650000000003
  ],
  "size": [
    25.0,
    25.0,
    25.0
  ]
}