{
  "center": [
    12.857090909090909,
    52.68942424242425,
    88.3732121212121
  ],
  "size": [
    25.0,
    25.0,
    25.0
  ]
}