{
  "center": [
    30.5348125,
    -26.663625,
    -28.8648125
  ],
  "size": [
    25.0,
    25.0,
    25.0
  ]
}