{
  "center": [
    14.35986956521739,
    -0.7228260869565217,
    51.159043478260884
  ],
  "size": [
    25.0,
    25.0,
    25.0
  ]
}