{
  "center": [
    -7.518173913043478,
    55.440956521739125,
    12.20395652173913
  ],
  "size": [
    25.0,
    25.0,
    25.0
  ]
}