{
  "center": [
    -2.9382,
    0.7034399999999996,
    20.390560000000004
  ],
  "size": [
    25.0,
    25.0,
    25.0
  ]
}