{
  "center": [
    0.5861111111111111,
    34.34707407407407,
    -3.660555555555556
  ],
  "size": [
    25.0,
    25.0,
    25.0
  ]
}