{
  "center": [
    13.195312500000005,
    23.039041666666666,
    5.555250000000001
  ],
  "size": [
    25.0,
    25.0,
    25.0
  ]
}