{
  "center": [
    57.005208333333336,
    77.00204166666667,
    -4.9149166666666675
  ],
  "size": [
    25.0,
    25.0,
    25.0
  ]
}