{
  "center": [
    47.35587096774194,
    11.513225806451613,
    2.1102903225806453
  ],
  "size": [
    25.0,
    25.0,
    25.0
  ]
}