{
  "center": [
    -41.91571875000001,
    -2.50265625,
    1.7812187499999999
  ],
  "size": [
    25.0,
    25.0,
    25.0
  ]
}