{
  "center": [
    -7.634476190476191,
    -3.5839999999999996,
    -30.954809523809526
  ],
  "size": [
    25.0,
    25.0,
    25.0
  ]
}