{
  "center": [
    12.105622222222221,
    23.491622222222222,
    5.472688888888889
  ],
  "size": [
    25.0,
    25.0,
    25.0
  ]
}