{
  "center": [
    23.388258064516126,
    16.340838709677417,
    33.38151612903226
  ],
  "size": [
    25.0,
    25.0,
    25.0
  ]
}