{
  "system_id": "bindingsite_pack",
  "n_replicas": 15,
  "exit_times_ns": [
    0.259722272007973,
    0.4375657330361405,
    1.0269579867688245,
    1.414975607983218,
    2.4263088496192844,
    2.6795464853246487,
    0.4952295797178632,
    0.3489737427940027,
    1.011299921186777,
    1.1503432419691801,
    3.6959883044387896,
    0.713206963480146,
    1.854148679645801,
    2.1368347527489995,
    0.8845191759987642
  ],
  "exited": [
    1,
    1,
    1,
    1,
    1,
    1,
    1,
    1,
    1,
    1,
    1,
    1,
    1,
    1,
    1
  ],
  "ee_flags": [
    0,
    0,
    0,
    0,
    0,
    0,
    0,
    0,
    0,
    0,
    0,
    0,
    0,
    0,
    0
  ],
  "force_kcalmolA": 14.0
}