{
  "system_id": "bindingsite_wt",
  "n_replicas": 15,
  "exit_times_ns": [
    32.19087079117617,
    9.25359432375853,
    100.0,
    10.992813386994959,
    3.4608611732041097,
    53.99391256967363,
    14.95917293563347,
    16.542641304711218,
    0.8914032588682762,
    22.921995897649477,
    31.24375243042515,
    6.918059740476983,
    50.316439815479455,
    6.258497330806577,
    0.0
  ],
  "exited": [
    1,
    1,
    0,
    1,
    1,
    1,
    1,
    1,
    1,
    1,
    1,
    1,
    1,
    1,
    1
  ],
  "ee_flags": [
    0,
    0,
    0,
    0,
    0,
    0,
    0,
    0,
    0,
    0,
    0,
    0,
    0,
    0,
    1
  ],
  "force_kcalmolA": 14.0
}