{
  "center": [
    4.549241379310344,
    31.085517241379307,
    5.064172413793103
  ],
  "size": [
    25.0,
    25.0,
    25.0
  ]
}