{
  "center": [
    5.080958333333334,
    12.632083333333334,
    43.49812500000001
  ],
  "size": [
    25.0,
    25.0,
    25.0
  ]
}