{
  "center": [
    -26.46015384615384,
    2.923769230769231,
    27.531076923076924
  ],
  "size": [
    25.0,
    25.0,
    25.0
  ]
}