{
  "center": [
    -1.4873,
    51.30125,
    165.16244999999998
  ],
  "size": [
    25.0,
    25.0,
    25.0
  ]
}