{
  "center": [
    3.4482,
    54.07132000000001,
    -4.956880000000001
  ],
  "size": [
    25.0,
    25.0,
    25.0
  ]
}