{
  "center": [
    34.71748648648649,
    -32.799567567567564,
    -2.212324324324324
  ],
  "size": [
    25.0,
    25.0,
    25.0
  ]
}