{
  "center": [
    12.586969696969694,
    52.84878787878788,
    88.41312121212124
  ],
  "size": [
    25.0,
    25.0,
    25.0
  ]
}