{
  "center": [
    26.66569565217391,
    50.656086956521726,
    0.2699565217391303
  ],
  "size": [
    25.0,
    25.0,
    25.0
  ]
}