{
  "center": [
    122.6182380952381,
    134.29876190476193,
    65.67190476190477
  ],
  "size": [
    25.0,
    25.0,
    25.0
  ]
}