{
  "center": [
    7.384250000000002,
    5.739722222222221,
    21.969166666666663
  ],
  "size": [
    25.0,
    25.0,
    25.0
  ]
}