{
  "center": [
    15.652333333333333,
    2.167933333333333,
    15.6094
  ],
  "size": [
    25.0,
    25.0,
    25.0
  ]
}