{
  "center": [
    -0.27261111111111114,
    19.265861111111107,
    17.701555555555554
  ],
  "size": [
    25.0,
    25.0,
    25.0
  ]
}