{
  "center": [
    22.822924999999998,
    -34.39447500000001,
    -4.7032
  ],
  "size": [
    25.0,
    25.0,
    25.0
  ]
}