{
  "center": [
    -15.732285714285714,
    45.864928571428585,
    -5.024285714285715
  ],
  "size": [
    25.0,
    25.0,
    25.0
  ]
}