{
  "center": [
    36.42246153846154,
    40.84661538461539,
    -3.9491923076923072
  ],
  "size": [
    25.0,
    25.0,
    25.0
  ]
}