{
  "center": [
    2.6000666666666663,
    12.7646,
    23.806266666666673
  ],
  "size": [
    25.0,
    25.0,
    25.0
  ]
}