{
  "center": [
    24.144499999999997,
    41.720499999999994,
    15.67325
  ],
  "size": [
    25.0,
    25.0,
    25.0
  ]
}