{
  "center": [
    30.694086956521748,
    -3.3044347826086953,
    19.883695652173913
  ],
  "size": [
    25.0,
    25.0,
    25.0
  ]
}