{
  "center": [
    -4.663307692307692,
    52.703461538461546,
    11.61423076923077
  ],
  "size": [
    25.0,
    25.0,
    25.0
  ]
}