{
  "center": [
    5.478322580645162,
    8.898225806451611,
    27.280225806451618
  ],
  "size": [
    25.0,
    25.0,
    25.0
  ]
}