{
  "center": [
    20.715838709677417,
    -29.605967741935483,
    9.488774193548387
  ],
  "size": [
    25.0,
    25.0,
    25.0
  ]
}