{
  "center": [
    3.072545454545455,
    5.976500000000001,
    9.469500000000002
  ],
  "size": [
    25.0,
    25.0,
    25.0
  ]
}