{
  "center": [
    14.758774999999996,
    5.6568249999999995,
    12.628200000000003
  ],
  "size": [
    25.0,
    25.0,
    25.0
  ]
}