{
  "center": [
    14.667925925925926,
    -3.9136666666666677,
    -8.604074074074077
  ],
  "size": [
    25.0,
    25.0,
    25.0
  ]
}