{
  "center": [
    8.667555555555557,
    9.133611111111113,
    3.1005
  ],
  "size": [
    25.0,
    25.0,
    25.0
  ]
}