{
  "center": [
    37.42417647058823,
    41.626294117647056,
    -3.091235294117647
  ],
  "size": [
    25.0,
    25.0,
    25.0
  ]
}