{
  "center": [
    -2.624404255319149,
    -3.6809574468085113,
    31.563042553191494
  ],
  "size": [
    25.0,
    25.0,
    25.0
  ]
}