{
  "center": [
    40.24677777777776,
    -8.49975,
    36.907027777777785
  ],
  "size": [
    25.0,
    25.0,
    25.0
  ]
}