{
  "center": [
    5.874317073170732,
    7.977024390243904,
    22.458463414634146
  ],
  "size": [
    25.0,
    25.0,
    25.0
  ]
}