{
  "center": [
    17.67065517241379,
    -2.981206896551724,
    10.242275862068963
  ],
  "size": [
    25.0,
    25.0,
    25.0
  ]
}