{
  "center": [
    28.919347826086952,
    26.028086956521744,
    -0.6789565217391305
  ],
  "size": [
    25.0,
    25.0,
    25.0
  ]
}