{
  "center": [
    14.235545454545456,
    2.5888181818181817,
    38.54063636363636
  ],
  "size": [
    25.0,
    25.0,
    25.0
  ]
}