{
  "center": [
    24.141095238095243,
    -16.81861904761905,
    -9.913142857142859
  ],
  "size": [
    25.0,
    25.0,
    25.0
  ]
}