{
  "center": [
    6.936956521739131,
    57.133391304347825,
    0.5704347826086956
  ],
  "size": [
    25.0,
    25.0,
    25.0
  ]
}