{
  "center": [
    16.7934,
    -12.378400000000001,
    21.829433333333338
  ],
  "size": [
    25.0,
    25.0,
    25.0
  ]
}