{
  "center": [
    20.994185185185188,
    43.67240740740741,
    54.01814814814816
  ],
  "size": [
    25.0,
    25.0,
    25.0
  ]
}