{
  "center": [
    24.340678571428572,
    10.541464285714286,
    21.26142857142857
  ],
  "size": [
    25.0,
    25.0,
    25.0
  ]
}