{
  "center": [
    5.468058823529412,
    12.629882352941175,
    25.231117647058827
  ],
  "size": [
    25.0,
    25.0,
    25.0
  ]
}