{
  "center": [
    -0.7199999999999998,
    10.398125000000002,
    -5.9881874999999996
  ],
  "size": [
    25.0,
    25.0,
    25.0
  ]
}