{
  "center": [
    10.112000000000002,
    2.3731875,
    13.364062499999998
  ],
  "size": [
    25.0,
    25.0,
    25.0
  ]
}