{
  "center": [
    25.691363636363636,
    27.222,
    18.48078787878788
  ],
  "size": [
    25.0,
    25.0,
    25.0
  ]
}