{
  "center": [
    -17.40846341463415,
    19.616390243902444,
    -5.781658536585365
  ],
  "size": [
    25.0,
    25.0,
    25.0
  ]
}