{
  "center": [
    -71.95809523809524,
    -50.23490476190475,
    -73.25633333333333
  ],
  "size": [
    25.0,
    25.0,
    25.0
  ]
}