{
  "center": [
    -2.8218999999999994,
    -5.1421,
    -5.236500000000001
  ],
  "size": [
    25.0,
    25.0,
    25.0
  ]
}