{
  "center": [
    -0.6183181818181817,
    9.064318181818182,
    10.290045454545456
  ],
  "size": [
    25.0,
    25.0,
    25.0
  ]
}