{
  "center": [
    5.388225,
    26.5405,
    6.984824999999999
  ],
  "size": [
    25.0,
    25.0,
    25.0
  ]
}