{
  "center": [
    47.163714285714285,
    12.408142857142854,
    2.409821428571429
  ],
  "size": [
    25.0,
    25.0,
    25.0
  ]
}