{
  "center": [
    -15.639923076923075,
    58.54230769230771,
    -21.78492307692308
  ],
  "size": [
    25.0,
    25.0,
    25.0
  ]
}