{
  "center": [
    -28.08365,
    -32.478049999999996,
    7.9004
  ],
  "size": [
    25.0,
    25.0,
    25.0
  ]
}