{
  "center": [
    21.674000000000003,
    0.26961111111111086,
    6.131194444444443
  ],
  "size": [
    25.0,
    25.0,
    25.0
  ]
}