{
  "center": [
    34.810874999999996,
    22.98754166666666,
    28.654125000000008
  ],
  "size": [
    25.0,
    25.0,
    25.0
  ]
}