{
  "center": [
    -19.393827586206893,
    54.273137931034476,
    17.149896551724137
  ],
  "size": [
    25.0,
    25.0,
    25.0
  ]
}