{
  "center": [
    38.963619047619055,
    -11.750333333333336,
    -11.392857142857142
  ],
  "size": [
    25.0,
    25.0,
    25.0
  ]
}