{
  "center": [
    -42.291720000000005,
    5.46132,
    -16.22804
  ],
  "size": [
    25.0,
    25.0,
    25.0
  ]
}