{
  "center": [
    -32.755869565217395,
    31.954043478260875,
    0.12982608695652173
  ],
  "size": [
    25.0,
    25.0,
    25.0
  ]
}