{
  "center": [
    48.16424324324325,
    10.080081081081081,
    3.1110810810810805
  ],
  "size": [
    25.0,
    25.0,
    25.0
  ]
}