{
  "center": [
    79.37773333333334,
    6.445733333333333,
    29.244533333333333
  ],
  "size": [
    25.0,
    25.0,
    25.0
  ]
}