{
  "center": [
    19.209351351351348,
    39.34878378378378,
    22.57524324324324
  ],
  "size": [
    25.0,
    25.0,
    25.0
  ]
}