{
  "center": [
    11.413266666666665,
    38.12566666666667,
    77.4294
  ],
  "size": [
    25.0,
    25.0,
    25.0
  ]
}