{
  "center": [
    12.232121951219508,
    53.71426829268293,
    89.74978048780488
  ],
  "size": [
    25.0,
    25.0,
    25.0
  ]
}