{
  "center": [
    -7.790105263157896,
    34.049263157894735,
    -0.598578947368421
  ],
  "size": [
    25.0,
    25.0,
    25.0
  ]
}