{
  "center": [
    11.914842105263162,
    48.64347368421052,
    61.12197368421053
  ],
  "size": [
    25.0,
    25.0,
    25.0
  ]
}