{
  "center": [
    15.391760000000001,
    7.646400000000001,
    -35.11432
  ],
  "size": [
    25.0,
    25.0,
    25.0
  ]
}