{
  "center": [
    13.307928571428574,
    52.883,
    88.3895357142857
  ],
  "size": [
    25.0,
    25.0,
    25.0
  ]
}