{
  "center": [
    14.781368421052631,
    9.032,
    11.504842105263158
  ],
  "size": [
    25.0,
    25.0,
    25.0
  ]
}