{
  "center": [
    -7.660849999999999,
    14.62215,
    19.7517
  ],
  "size": [
    25.0,
    25.0,
    25.0
  ]
}