{
  "center": [
    16.91305,
    16.664849999999998,
    20.141700000000004
  ],
  "size": [
    25.0,
    25.0,
    25.0
  ]
}