{
  "center": [
    5.826032258064516,
    37.94454838709677,
    57.70493548387096
  ],
  "size": [
    25.0,
    25.0,
    25.0
  ]
}