{
  "center": [
    -1.2654999999999998,
    10.7174,
    8.865400000000001
  ],
  "size": [
    25.0,
    25.0,
    25.0
  ]
}