{
  "center": [
    -50.895083333333325,
    -46.82054166666668,
    30.846166666666672
  ],
  "size": [
    25.0,
    25.0,
    25.0
  ]
}