{
  "center": [
    36.00978571428571,
    41.01092857142857,
    -3.706428571428572
  ],
  "size": [
    25.0,
    25.0,
    25.0
  ]
}