{
  "center": [
    32.059555555555555,
    66.08833333333334,
    8.103444444444444
  ],
  "size": [
    25.0,
    25.0,
    25.0
  ]
}