{
  "center": [
    -0.6776666666666668,
    10.726416666666667,
    9.24125
  ],
  "size": [
    25.0,
    25.0,
    25.0
  ]
}