{
  "center": [
    20.416727272727265,
    -29.73545454545455,
    9.673030303030304
  ],
  "size": [
    25.0,
    25.0,
    25.0
  ]
}