{
  "center": [
    -4.347368421052631,
    -4.213421052631579,
    21.100736842105267
  ],
  "size": [
    25.0,
    25.0,
    25.0
  ]
}