{
  "center": [
    3.298052631578947,
    67.4126842105263,
    63.36626315789474
  ],
  "size": [
    25.0,
    25.0,
    25.0
  ]
}