{
  "center": [
    4.982357142857144,
    31.10482142857143,
    5.395571428571428
  ],
  "size": [
    25.0,
    25.0,
    25.0
  ]
}