{
  "center": [
    2.527382352941177,
    63.65050000000001,
    68.42847058823531
  ],
  "size": [
    25.0,
    25.0,
    25.0
  ]
}