{
  "center": [
    3.6564117647058816,
    -8.267117647058821,
    -2.8100588235294124
  ],
  "size": [
    25.0,
    25.0,
    25.0
  ]
}