{
  "center": [
    2.604342857142858,
    24.28471428571429,
    20.047428571428572
  ],
  "size": [
    25.0,
    25.0,
    25.0
  ]
}