{
  "center": [
    -8.386722222222224,
    -10.949833333333334,
    9.249500000000003
  ],
  "size": [
    25.0,
    25.0,
    25.0
  ]
}