{
  "center": [
    -29.15378571428571,
    3.280964285714286,
    25.747428571428582
  ],
  "size": [
    25.0,
    25.0,
    25.0
  ]
}