{
  "center": [
    -16.901176470588236,
    12.149823529411764,
    32.63035294117646
  ],
  "size": [
    25.0,
    25.0,
    25.0
  ]
}