{
  "center": [
    91.50975000000001,
    97.28824999999996,
    -44.631041666666654
  ],
  "size": [
    25.0,
    25.0,
    25.0
  ]
}