{
  "center": [
    76.82807692307694,
    27.027153846153848,
    41.40400000000001
  ],
  "size": [
    25.0,
    25.0,
    25.0
  ]
}