{
  "center": [
    44.3545,
    6.623333333333334,
    26.289333333333342
  ],
  "size": [
    25.0,
    25.0,
    25.0
  ]
}