{
  "center": [
    9.236703703703702,
    10.365407407407409,
    2.562740740740741
  ],
  "size": [
    25.0,
    25.0,
    25.0
  ]
}