{
  "center": [
    17.147280000000002,
    -2.4228799999999997,
    10.187879999999998
  ],
  "size": [
    25.0,
    25.0,
    25.0
  ]
}