{
  "center": [
    14.704064516129032,
    9.9688064516129,
    1.356774193548387
  ],
  "size": [
    25.0,
    25.0,
    25.0
  ]
}