{
  "center": [
    -7.987714285714288,
    15.012619047619047,
    19.997904761904763
  ],
  "size": [
    25.0,
    25.0,
    25.0
  ]
}