{
  "center": [
    27.781999999999996,
    32.694384615384614,
    20.525461538461535
  ],
  "size": [
    25.0,
    25.0,
    25.0
  ]
}