{
  "center": [
    27.723193548387098,
    2.595064516129032,
    6.164419354838709
  ],
  "size": [
    25.0,
    25.0,
    25.0
  ]
}