{
  "center": [
    51.157923076923076,
    20.557230769230767,
    11.858999999999998
  ],
  "size": [
    25.0,
    25.0,
    25.0
  ]
}