{
  "center": [
    -2.5288421052631582,
    16.68355263157894,
    14.135842105263158
  ],
  "size": [
    25.0,
    25.0,
    25.0
  ]
}