{
  "center": [
    9.944861111111114,
    63.895583333333335,
    3.6871666666666676
  ],
  "size": [
    25.0,
    25.0,
    25.0
  ]
}