{
  "center": [
    38.16072727272727,
    -1.8806363636363637,
    13.236954545454546
  ],
  "size": [
    25.0,
    25.0,
    25.0
  ]
}