{
  "center": [
    56.094800000000006,
    73.42269999999999,
    20.72655
  ],
  "size": [
    25.0,
    25.0,
    25.0
  ]
}