{
  "center": [
    32.56288888888889,
    -13.16788888888889,
    3.115666666666667
  ],
  "size": [
    25.0,
    25.0,
    25.0
  ]
}