{
  "center": [
    29.516499999999994,
    16.39890909090909,
    -1.4997727272727275
  ],
  "size": [
    25.0,
    25.0,
    25.0
  ]
}