{
  "center": [
    16.519936170212766,
    -14.78125531914894,
    23.23465957446809
  ],
  "size": [
    25.0,
    25.0,
    25.0
  ]
}