{
  "center": [
    28.323818181818186,
    7.026727272727271,
    36.440704545454544
  ],
  "size": [
    25.0,
    25.0,
    25.0
  ]
}