{
  "center": [
    26.294166666666666,
    50.71849999999999,
    -2.115966666666667
  ],
  "size": [
    25.0,
    25.0,
    25.0
  ]
}