{
  "center": [
    -35.10125,
    4.915166666666666,
    16.107000000000003
  ],
  "size": [
    25.0,
    25.0,
    25.0
  ]
}