{
  "call": "PASS",
  "R": 14.566489699058044,
  "tau_KM_wt": 14.95917293563347,
  "tau_KM_pack": 1.0269579867688245,
  "f_ee_wt": 0.06666666666666667,
  "reasons": [
    "R=14.57 \u2265 5.0",
    "tau_KM(WT)=14.96 ns \u2265 10.0 ns",
    "f_ee(WT)=0.07 \u2264 0.2"
  ],
  "next_step": "Lock the protocol. Write the full 13-system calibration plan."
}