{
  "bindingsite_pack": {
    "system_id": "bindingsite_pack",
    "n_replicas": 15,
    "n_eff": 15,
    "tau_KM": 1.0269579867688245,
    "tau_KM_ci": [
      0.4952295797178632,
      1.854148679645801
    ],
    "tau_geom": 1.047086300381363,
    "f_stable": 0.0,
    "f_stable_ci": [
      0.0,
      0.20388330103584862
    ],
    "f_ee": 0.0,
    "f_ee_ci": [
      0.0,
      0.20388330103584862
    ],
    "n_exited": 15,
    "force_kcalmolA": 14.0
  },
  "bindingsite_wt": {
    "system_id": "bindingsite_wt",
    "n_replicas": 15,
    "n_eff": 14,
    "tau_KM": 14.95917293563347,
    "tau_KM_ci": [
      6.918059740476983,
      32.19087079117617
    ],
    "tau_geom": 14.65414689691178,
    "f_stable": 0.42857142857142855,
    "f_stable_ci": [
      0.21380798904474121,
      0.6740935542034926
    ],
    "f_ee": 0.06666666666666667,
    "f_ee_ci": [
      0.011866895493268553,
      0.2981652987378003
    ],
    "n_exited": 13,
    "force_kcalmolA": 14.0
  }
}