{
  "center": [
    31.236333333333334,
    65.91791666666666,
    8.155416666666666
  ],
  "size": [
    25.0,
    25.0,
    25.0
  ]
}