{
  "center": [
    -16.523705882352942,
    11.726235294117647,
    32.927352941176466
  ],
  "size": [
    25.0,
    25.0,
    25.0
  ]
}