{
  "center": [
    6.563319999999999,
    56.631719999999994,
    0.5374
  ],
  "size": [
    25.0,
    25.0,
    25.0
  ]
}