{
  "center": [
    34.514950000000006,
    22.870699999999996,
    28.2848
  ],
  "size": [
    25.0,
    25.0,
    25.0
  ]
}