{
  "center": [
    35.23863888888889,
    41.43425,
    -6.981305555555556
  ],
  "size": [
    25.0,
    25.0,
    25.0
  ]
}