{
  "center": [
    6.439791666666667,
    56.766625000000005,
    0.6022499999999998
  ],
  "size": [
    25.0,
    25.0,
    25.0
  ]
}