{
  "center": [
    8.120045454545455,
    9.48740909090909,
    3.5575454545454543
  ],
  "size": [
    25.0,
    25.0,
    25.0
  ]
}