{
  "center": [
    7.4834499999999995,
    9.450750000000003,
    3.5854999999999997
  ],
  "size": [
    25.0,
    25.0,
    25.0
  ]
}