{
  "center": [
    40.410531914893625,
    -3.874617021276596,
    11.22563829787234
  ],
  "size": [
    25.0,
    25.0,
    25.0
  ]
}