{
  "center": [
    -27.78441176470588,
    -29.322411764705883,
    16.480039215686276
  ],
  "size": [
    25.0,
    25.0,
    25.0
  ]
}