{
  "center": [
    17.179999999999993,
    3.8954444444444443,
    15.07872222222222
  ],
  "size": [
    25.0,
    25.0,
    25.0
  ]
}