{
  "center": [
    30.63575,
    66.5639375,
    8.714687499999998
  ],
  "size": [
    25.0,
    25.0,
    25.0
  ]
}