{
  "center": [
    23.52142424242424,
    3.38030303030303,
    58.59839393939394
  ],
  "size": [
    25.0,
    25.0,
    25.0
  ]
}