{
  "center": [
    54.35305882352941,
    23.188352941176475,
    102.00447058823528
  ],
  "size": [
    25.0,
    25.0,
    25.0
  ]
}