{
  "center": [
    59.5302142857143,
    15.003821428571426,
    50.60403571428571
  ],
  "size": [
    25.0,
    25.0,
    25.0
  ]
}