{
  "center": [
    0.9403125,
    -31.420875,
    34.565312500000005
  ],
  "size": [
    25.0,
    25.0,
    25.0
  ]
}