{
  "center": [
    36.11151612903225,
    -3.2049354838709685,
    -9.540225806451613
  ],
  "size": [
    25.0,
    25.0,
    25.0
  ]
}