{
  "center": [
    12.603,
    8.541076923076922,
    7.923384615384614
  ],
  "size": [
    25.0,
    25.0,
    25.0
  ]
}