{
  "center": [
    36.929925925925914,
    5.59062962962963,
    17.315481481481484
  ],
  "size": [
    25.0,
    25.0,
    25.0
  ]
}