{
  "center": [
    30.395533333333333,
    -3.2506333333333326,
    20.109400000000004
  ],
  "size": [
    25.0,
    25.0,
    25.0
  ]
}