{
  "center": [
    4.397380952380952,
    68.63257142857144,
    65.5042380952381
  ],
  "size": [
    25.0,
    25.0,
    25.0
  ]
}