{
  "center": [
    16.17709090909091,
    3.9276363636363643,
    15.791636363636366
  ],
  "size": [
    25.0,
    25.0,
    25.0
  ]
}