{
  "center": [
    41.79825714285715,
    -20.16288571428572,
    29.344342857142856
  ],
  "size": [
    25.0,
    25.0,
    25.0
  ]
}