{
  "center": [
    -51.81374358974358,
    -9.685871794871796,
    -23.47138461538461
  ],
  "size": [
    25.0,
    25.0,
    25.0
  ]
}