{
  "center": [
    15.847192307692307,
    16.262230769230772,
    19.328230769230768
  ],
  "size": [
    25.0,
    25.0,
    25.0
  ]
}