{
  "center": [
    -35.474782608695655,
    -2.4186956521739127,
    6.107434782608696
  ],
  "size": [
    25.0,
    25.0,
    25.0
  ]
}