{
  "center": [
    45.81614285714285,
    15.530000000000001,
    2.7784285714285715
  ],
  "size": [
    25.0,
    25.0,
    25.0
  ]
}