{
  "center": [
    -42.41577142857142,
    -50.69645714285713,
    -10.847828571428574
  ],
  "size": [
    25.0,
    25.0,
    25.0
  ]
}