{
  "center": [
    42.04573076923077,
    31.208615384615385,
    32.58088461538462
  ],
  "size": [
    25.0,
    25.0,
    25.0
  ]
}