{
  "center": [
    14.755833333333333,
    9.971466666666666,
    1.1737000000000004
  ],
  "size": [
    25.0,
    25.0,
    25.0
  ]
}