{
  "center": [
    -5.9543409090909085,
    25.427295454545455,
    -4.449977272727273
  ],
  "size": [
    25.0,
    25.0,
    25.0
  ]
}