{
  "center": [
    65.369375,
    34.96756249999999,
    25.541249999999998
  ],
  "size": [
    25.0,
    25.0,
    25.0
  ]
}