{
  "center": [
    0.7790344827586207,
    -10.414586206896551,
    35.752310344827585
  ],
  "size": [
    25.0,
    25.0,
    25.0
  ]
}