{
  "center": [
    -5.283125,
    8.958041666666666,
    13.985625
  ],
  "size": [
    25.0,
    25.0,
    25.0
  ]
}