{
  "center": [
    14.176686567164182,
    8.749014925373137,
    6.980611940298507
  ],
  "size": [
    25.0,
    25.0,
    25.0
  ]
}