{
  "center": [
    91.54178260869563,
    98.61617391304348,
    -43.96213043478261
  ],
  "size": [
    25.0,
    25.0,
    25.0
  ]
}