========================================================================
# 2026-10-01T01:38:32-07:00  exit_code: 0  wall: 310.776s  rss: 97.2MB  gpu: 0
$ /home/aoxu/miniconda3/envs/rdkit_env/bin/python analysis/ligand_mutagenesis/scripts/05_analyze.py
--- stdout ---
manifest: 251 ok systems
models with predictions: ['Boltz2', 'AF3+MSA']
cells: 2600 (169 missing CIFs); poses analyzed: 12148 ok / 12324 total
Per-pose results: /mnt/katritch_lab2/aoxu/contrasCF/analysis/ligand_mutagenesis/outputs/results_ligand.csv
Paired affinity (Boltz-2, ligand-side): /mnt/katritch_lab2/aoxu/contrasCF/analysis/ligand_mutagenesis/outputs/paired_affinity_ligand.csv

  Affinity Δ (adv − wt; positive ⇒ model recognized perturbation):
  variant                n   median Δaff   median Δprob
  chrg_neu_ethyl        42        -0.462         -0.158
  chrg_neu_methyl       42        -0.339         -0.119
  chrg_neu_propyl       42        -0.648         -0.071
  chrg_pos_1            42        -0.068         -0.087
  chrg_pos_2            42        -0.057         -0.140
  chrg_pos_3            42        -0.038         -0.111
  halo_Br_1            196        -0.200         -0.016
  halo_Cl_1            196        -0.162         -0.015
  halo_F_1             196        -0.165         -0.033
  meth_1                61         0.066         -0.055
  meth_2                34        -0.136         -0.105
  meth_3                15         0.147         -0.111
  meth_4                 8         0.258         -0.161
  meth_5                 1        -0.074         -0.038

--- stderr ---
[... 1941800 chars of stderr truncated ...]
8] Warning: molecule is tagged as 2D, but at least one Z coordinate is not zero. Marking the mol as 3D.
[01:43:28] WARNING: More than one matching pattern found - picking one

[01:43:28] Warning: molecule is tagged as 2D, but at least one Z coordinate is not zero. Marking the mol as 3D.
[01:43:28] WARNING: More than one matching pattern found - picking one

[01:43:28] Warning: molecule is tagged as 2D, but at least one Z coordinate is not zero. Marking the mol as 3D.
[01:43:28] WARNING: More than one matching pattern found - picking one

[01:43:28] Warning: molecule is tagged as 2D, but at least one Z coordinate is not zero. Marking the mol as 3D.
[01:43:28] WARNING: More than one matching pattern found - picking one

[01:43:28] Warning: molecule is tagged as 2D, but at least one Z coordinate is not zero. Marking the mol as 3D.
[01:43:28] WARNING: More than one matching pattern found - picking one

[01:43:28] Warning: molecule is tagged as 2D, but at least one Z coordinate is not zero. Marking the mol as 3D.
[01:43:28] WARNING: More than one matching pattern found - picking one

[01:43:28] Warning: molecule is tagged as 2D, but at least one Z coordinate is not zero. Marking the mol as 3D.
[01:43:28] WARNING: More than one matching pattern found - picking one

[01:43:28] Warning: molecule is tagged as 2D, but at least one Z coordinate is not zero. Marking the mol as 3D.
[01:43:28] WARNING: More than one matching pattern found - picking one

[01:43:28] Warning: molecule is tagged as 2D, but at least one Z coordinate is not zero. Marking the mol as 3D.
[01:43:28] WARNING: More than one matching pattern found - picking one

[01:43:28] Warning: molecule is tagged as 2D, but at least one Z coordinate is not zero. Marking the mol as 3D.
[01:43:28] WARNING: More than one matching pattern found - picking one

[01:43:28] Warning: molecule is tagged as 2D, but at least one Z coordinate is not zero. Marking the mol as 3D.
[01:43:28] WARNING: More than one matching pattern found - picking one

[01:43:28] Warning: molecule is tagged as 2D, but at least one Z coordinate is not zero. Marking the mol as 3D.
[01:43:28] WARNING: More than one matching pattern found - picking one

[01:43:28] Warning: molecule is tagged as 2D, but at least one Z coordinate is not zero. Marking the mol as 3D.
[01:43:28] WARNING: More than one matching pattern found - picking one

[01:43:28] Warning: molecule is tagged as 2D, but at least one Z coordinate is not zero. Marking the mol as 3D.
[01:43:28] WARNING: More than one matching pattern found - picking one

[01:43:28] Warning: molecule is tagged as 2D, but at least one Z coordinate is not zero. Marking the mol as 3D.
[01:43:28] WARNING: More than one matching pattern found - picking one

[01:43:28] Warning: molecule is tagged as 2D, but at least one Z coordinate is not zero. Marking the mol as 3D.
[01:43:28] WARNING: More than one matching pattern found - picking one

[01:43:28] Warning: molecule is tagged as 2D, but at least one Z coordinate is not zero. Marking the mol as 3D.
[01:43:28] WARNING: More than one matching pattern found - picking one

[01:43:28] Warning: molecule is tagged as 2D, but at least one Z coordinate is not zero. Marking the mol as 3D.
[01:43:28] WARNING: More than one matching pattern found - picking one

[01:43:28] Warning: molecule is tagged as 2D, but at least one Z coordinate is not zero. Marking the mol as 3D.
[01:43:28] WARNING: More than one matching pattern found - picking one

[01:43:28] Warning: molecule is tagged as 2D, but at least one Z coordinate is not zero. Marking the mol as 3D.
[01:43:28] WARNING: More than one matching pattern found - picking one

[01:43:28] Warning: molecule is tagged as 2D, but at least one Z coordinate is not zero. Marking the mol as 3D.
[01:43:28] WARNING: More than one matching pattern found - picking one

[01:43:28] Warning: molecule is tagged as 2D, but at least one Z coordinate is not zero. Marking the mol as 3D.
[01:43:28] WARNING: More than one matching pattern found - picking one

[01:43:28] Warning: molecule is tagged as 2D, but at least one Z coordinate is not zero. Marking the mol as 3D.
[01:43:28] WARNING: More than one matching pattern found - picking one

[01:43:28] Warning: molecule is tagged as 2D, but at least one Z coordinate is not zero. Marking the mol as 3D.
[01:43:28] WARNING: More than one matching pattern found - picking one

[01:43:28] Warning: molecule is tagged as 2D, but at least one Z coordinate is not zero. Marking the mol as 3D.
[01:43:28] WARNING: More than one matching pattern found - picking one

[01:43:28] Warning: molecule is tagged as 2D, but at least one Z coordinate is not zero. Marking the mol as 3D.
[01:43:28] WARNING: More than one matching pattern found - picking one

[01:43:28] Warning: molecule is tagged as 2D, but at least one Z coordinate is not zero. Marking the mol as 3D.
[01:43:29] WARNING: More than one matching pattern found - picking one

[01:43:29] Warning: molecule is tagged as 2D, but at least one Z coordinate is not zero. Marking the mol as 3D.
[01:43:29] WARNING: More than one matching pattern found - picking one

[01:43:29] Warning: molecule is tagged as 2D, but at least one Z coordinate is not zero. Marking the mol as 3D.
[01:43:29] WARNING: More than one matching pattern found - picking one

[01:43:29] Warning: molecule is tagged as 2D, but at least one Z coordinate is not zero. Marking the mol as 3D.
[01:43:29] WARNING: More than one matching pattern found - picking one

[01:43:29] Warning: molecule is tagged as 2D, but at least one Z coordinate is not zero. Marking the mol as 3D.
[01:43:29] WARNING: More than one matching pattern found - picking one

[01:43:29] Warning: molecule is tagged as 2D, but at least one Z coordinate is not zero. Marking the mol as 3D.
[01:43:29] WARNING: More than one matching pattern found - picking one

[01:43:29] Warning: molecule is tagged as 2D, but at least one Z coordinate is not zero. Marking the mol as 3D.
[01:43:29] Warning: molecule is tagged as 2D, but at least one Z coordinate is not zero. Marking the mol as 3D.
[01:43:29] Warning: molecule is tagged as 2D, but at least one Z coordinate is not zero. Marking the mol as 3D.
[01:43:29] Warning: molecule is tagged as 2D, but at least one Z coordinate is not zero. Marking the mol as 3D.
[01:43:29] Warning: molecule is tagged as 2D, but at least one Z coordinate is not zero. Marking the mol as 3D.
[01:43:29] Warning: molecule is tagged as 2D, but at least one Z coordinate is not zero. Marking the mol as 3D.
[01:43:29] Warning: molecule is tagged as 2D, but at least one Z coordinate is not zero. Marking the mol as 3D.
[01:43:29] Warning: molecule is tagged as 2D, but at least one Z coordinate is not zero. Marking the mol as 3D.
[01:43:29] Warning: molecule is tagged as 2D, but at least one Z coordinate is not zero. Marking the mol as 3D.
[01:43:29] Warning: molecule is tagged as 2D, but at least one Z coordinate is not zero. Marking the mol as 3D.
[01:43:29] Warning: molecule is tagged as 2D, but at least one Z coordinate is not zero. Marking the mol as 3D.
[01:43:29] Warning: molecule is tagged as 2D, but at least one Z coordinate is not zero. Marking the mol as 3D.
[01:43:29] Warning: molecule is tagged as 2D, but at least one Z coordinate is not zero. Marking the mol as 3D.
[01:43:29] Warning: molecule is tagged as 2D, but at least one Z coordinate is not zero. Marking the mol as 3D.
[01:43:29] Warning: molecule is tagged as 2D, but at least one Z coordinate is not zero. Marking the mol as 3D.
[01:43:29] Warning: molecule is tagged as 2D, but at least one Z coordinate is not zero. Marking the mol as 3D.
[01:43:29] Warning: molecule is tagged as 2D, but at least one Z coordinate is not zero. Marking the mol as 3D.
[01:43:29] Warning: molecule is tagged as 2D, but at least one Z coordinate is not zero. Marking the mol as 3D.
[01:43:29] Warning: molecule is tagged as 2D, but at least one Z coordinate is not zero. Marking the mol as 3D.
[01:43:29] Warning: molecule is tagged as 2D, but at least one Z coordinate is not zero. Marking the mol as 3D.
[01:43:29] Warning: molecule is tagged as 2D, but at least one Z coordinate is not zero. Marking the mol as 3D.
[01:43:29] Warning: molecule is tagged as 2D, but at least one Z coordinate is not zero. Marking the mol as 3D.
[01:43:29] Warning: molecule is tagged as 2D, but at least one Z coordinate is not zero. Marking the mol as 3D.
[01:43:29] Warning: molecule is tagged as 2D, but at least one Z coordinate is not zero. Marking the mol as 3D.
[01:43:29] Warning: molecule is tagged as 2D, but at least one Z coordinate is not zero. Marking the mol as 3D.
[01:43:29] Warning: molecule is tagged as 2D, but at least one Z coordinate is not zero. Marking the mol as 3D.
[01:43:29] Warning: molecule is tagged as 2D, but at least one Z coordinate is not zero. Marking the mol as 3D.
[01:43:29] Warning: molecule is tagged as 2D, but at least one Z coordinate is not zero. Marking the mol as 3D.
[01:43:29] Warning: molecule is tagged as 2D, but at least one Z coordinate is not zero. Marking the mol as 3D.
[01:43:29] Warning: molecule is tagged as 2D, but at least one Z coordinate is not zero. Marking the mol as 3D.
[01:43:29] Warning: molecule is tagged as 2D, but at least one Z coordinate is not zero. Marking the mol as 3D.
[01:43:29] WARNING: More than one matching pattern found - picking one

[01:43:29] Warning: molecule is tagged as 2D, but at least one Z coordinate is not zero. Marking the mol as 3D.
[01:43:29] WARNING: More than one matching pattern found - picking one

[01:43:29] Warning: molecule is tagged as 2D, but at least one Z coordinate is not zero. Marking the mol as 3D.
[01:43:29] WARNING: More than one matching pattern found - picking one

[01:43:29] Warning: molecule is tagged as 2D, but at least one Z coordinate is not zero. Marking the mol as 3D.
[01:43:29] WARNING: More than one matching pattern found - picking one

[01:43:29] Warning: molecule is tagged as 2D, but at least one Z coordinate is not zero. Marking the mol as 3D.
[01:43:29] WARNING: More than one matching pattern found - picking one

[01:43:29] Warning: molecule is tagged as 2D, but at least one Z coordinate is not zero. Marking the mol as 3D.
[01:43:29] WARNING: More than one matching pattern found - picking one

[01:43:30] Warning: molecule is tagged as 2D, but at least one Z coordinate is not zero. Marking the mol as 3D.
[01:43:30] WARNING: More than one matching pattern found - picking one

[01:43:30] Warning: molecule is tagged as 2D, but at least one Z coordinate is not zero. Marking the mol as 3D.
[01:43:30] WARNING: More than one matching pattern found - picking one

[01:43:30] Warning: molecule is tagged as 2D, but at least one Z coordinate is not zero. Marking the mol as 3D.
[01:43:30] WARNING: More than one matching pattern found - picking one

[01:43:30] Warning: molecule is tagged as 2D, but at least one Z coordinate is not zero. Marking the mol as 3D.
[01:43:30] WARNING: More than one matching pattern found - picking one

[01:43:30] Warning: molecule is tagged as 2D, but at least one Z coordinate is not zero. Marking the mol as 3D.
[01:43:30] WARNING: More than one matching pattern found - picking one

[01:43:30] Warning: molecule is tagged as 2D, but at least one Z coordinate is not zero. Marking the mol as 3D.
[01:43:30] WARNING: More than one matching pattern found - picking one

[01:43:30] Warning: molecule is tagged as 2D, but at least one Z coordinate is not zero. Marking the mol as 3D.
[01:43:30] WARNING: More than one matching pattern found - picking one

[01:43:30] Warning: molecule is tagged as 2D, but at least one Z coordinate is not zero. Marking the mol as 3D.
[01:43:30] WARNING: More than one matching pattern found - picking one

[01:43:30] Warning: molecule is tagged as 2D, but at least one Z coordinate is not zero. Marking the mol as 3D.
[01:43:30] WARNING: More than one matching pattern found - picking one

[01:43:30] Warning: molecule is tagged as 2D, but at least one Z coordinate is not zero. Marking the mol as 3D.
[01:43:30] WARNING: More than one matching pattern found - picking one

[01:43:30] Warning: molecule is tagged as 2D, but at least one Z coordinate is not zero. Marking the mol as 3D.
[01:43:30] WARNING: More than one matching pattern found - picking one

[01:43:30] Warning: molecule is tagged as 2D, but at least one Z coordinate is not zero. Marking the mol as 3D.
[01:43:30] WARNING: More than one matching pattern found - picking one

[01:43:30] Warning: molecule is tagged as 2D, but at least one Z coordinate is not zero. Marking the mol as 3D.
[01:43:30] WARNING: More than one matching pattern found - picking one

[01:43:30] Warning: molecule is tagged as 2D, but at least one Z coordinate is not zero. Marking the mol as 3D.
[01:43:30] WARNING: More than one matching pattern found - picking one

[01:43:30] Warning: molecule is tagged as 2D, but at least one Z coordinate is not zero. Marking the mol as 3D.
[01:43:30] WARNING: More than one matching pattern found - picking one

[01:43:30] Warning: molecule is tagged as 2D, but at least one Z coordinate is not zero. Marking the mol as 3D.
[01:43:30] WARNING: More than one matching pattern found - picking one

[01:43:30] Warning: molecule is tagged as 2D, but at least one Z coordinate is not zero. Marking the mol as 3D.
[01:43:30] WARNING: More than one matching pattern found - picking one

[01:43:30] Warning: molecule is tagged as 2D, but at least one Z coordinate is not zero. Marking the mol as 3D.
[01:43:30] WARNING: More than one matching pattern found - picking one

[01:43:30] Warning: molecule is tagged as 2D, but at least one Z coordinate is not zero. Marking the mol as 3D.
[01:43:30] WARNING: More than one matching pattern found - picking one

[01:43:30] Warning: molecule is tagged as 2D, but at least one Z coordinate is not zero. Marking the mol as 3D.
[01:43:30] WARNING: More than one matching pattern found - picking one

[01:43:30] Warning: molecule is tagged as 2D, but at least one Z coordinate is not zero. Marking the mol as 3D.
[01:43:30] WARNING: More than one matching pattern found - picking one

[01:43:30] Warning: molecule is tagged as 2D, but at least one Z coordinate is not zero. Marking the mol as 3D.
[01:43:30] WARNING: More than one matching pattern found - picking one

[01:43:30] Warning: molecule is tagged as 2D, but at least one Z coordinate is not zero. Marking the mol as 3D.
[01:43:30] WARNING: More than one matching pattern found - picking one

[01:43:30] Warning: molecule is tagged as 2D, but at least one Z coordinate is not zero. Marking the mol as 3D.
[01:43:30] WARNING: More than one matching pattern found - picking one

[01:43:30] Warning: molecule is tagged as 2D, but at least one Z coordinate is not zero. Marking the mol as 3D.
[01:43:30] WARNING: More than one matching pattern found - picking one

[01:43:30] Warning: molecule is tagged as 2D, but at least one Z coordinate is not zero. Marking the mol as 3D.
[01:43:30] WARNING: More than one matching pattern found - picking one

[01:43:30] Warning: molecule is tagged as 2D, but at least one Z coordinate is not zero. Marking the mol as 3D.
[01:43:30] WARNING: More than one matching pattern found - picking one

[01:43:30] Warning: molecule is tagged as 2D, but at least one Z coordinate is not zero. Marking the mol as 3D.
[01:43:30] WARNING: More than one matching pattern found - picking one

[01:43:30] Warning: molecule is tagged as 2D, but at least one Z coordinate is not zero. Marking the mol as 3D.
[01:43:30] WARNING: More than one matching pattern found - picking one

[01:43:30] Warning: molecule is tagged as 2D, but at least one Z coordinate is not zero. Marking the mol as 3D.
[01:43:30] WARNING: More than one matching pattern found - picking one

[01:43:30] Warning: molecule is tagged as 2D, but at least one Z coordinate is not zero. Marking the mol as 3D.
[01:43:30] WARNING: More than one matching pattern found - picking one

[01:43:30] Warning: molecule is tagged as 2D, but at least one Z coordinate is not zero. Marking the mol as 3D.
[01:43:30] WARNING: More than one matching pattern found - picking one

[01:43:30] Warning: molecule is tagged as 2D, but at least one Z coordinate is not zero. Marking the mol as 3D.
[01:43:30] WARNING: More than one matching pattern found - picking one

[01:43:30] Warning: molecule is tagged as 2D, but at least one Z coordinate is not zero. Marking the mol as 3D.
[01:43:30] WARNING: More than one matching pattern found - picking one

[01:43:30] Warning: molecule is tagged as 2D, but at least one Z coordinate is not zero. Marking the mol as 3D.
[01:43:30] WARNING: More than one matching pattern found - picking one

[01:43:30] Warning: molecule is tagged as 2D, but at least one Z coordinate is not zero. Marking the mol as 3D.
[01:43:30] WARNING: More than one matching pattern found - picking one

[01:43:30] Warning: molecule is tagged as 2D, but at least one Z coordinate is not zero. Marking the mol as 3D.
[01:43:30] WARNING: More than one matching pattern found - picking one

[01:43:30] Warning: molecule is tagged as 2D, but at least one Z coordinate is not zero. Marking the mol as 3D.
[01:43:30] WARNING: More than one matching pattern found - picking one

[01:43:30] Warning: molecule is tagged as 2D, but at least one Z coordinate is not zero. Marking the mol as 3D.
[01:43:30] WARNING: More than one matching pattern found - picking one

[01:43:30] Warning: molecule is tagged as 2D, but at least one Z coordinate is not zero. Marking the mol as 3D.
[01:43:30] WARNING: More than one matching pattern found - picking one

[01:43:30] Warning: molecule is tagged as 2D, but at least one Z coordinate is not zero. Marking the mol as 3D.
[01:43:30] WARNING: More than one matching pattern found - picking one

[01:43:30] Warning: molecule is tagged as 2D, but at least one Z coordinate is not zero. Marking the mol as 3D.
[01:43:30] WARNING: More than one matching pattern found - picking one

[01:43:30] Warning: molecule is tagged as 2D, but at least one Z coordinate is not zero. Marking the mol as 3D.
[01:43:30] WARNING: More than one matching pattern found - picking one

[01:43:30] Warning: molecule is tagged as 2D, but at least one Z coordinate is not zero. Marking the mol as 3D.
[01:43:31] WARNING: More than one matching pattern found - picking one

[01:43:31] Warning: molecule is tagged as 2D, but at least one Z coordinate is not zero. Marking the mol as 3D.
[01:43:31] WARNING: More than one matching pattern found - picking one

[01:43:31] Warning: molecule is tagged as 2D, but at least one Z coordinate is not zero. Marking the mol as 3D.
[01:43:31] WARNING: More than one matching pattern found - picking one

[01:43:31] Warning: molecule is tagged as 2D, but at least one Z coordinate is not zero. Marking the mol as 3D.
[01:43:31] WARNING: More than one matching pattern found - picking one

[01:43:31] Warning: molecule is tagged as 2D, but at least one Z coordinate is not zero. Marking the mol as 3D.
[01:43:31] WARNING: More than one matching pattern found - picking one

[01:43:31] Warning: molecule is tagged as 2D, but at least one Z coordinate is not zero. Marking the mol as 3D.
[01:43:31] WARNING: More than one matching pattern found - picking one

[01:43:31] Warning: molecule is tagged as 2D, but at least one Z coordinate is not zero. Marking the mol as 3D.
[01:43:31] WARNING: More than one matching pattern found - picking one

[01:43:31] Warning: molecule is tagged as 2D, but at least one Z coordinate is not zero. Marking the mol as 3D.
[01:43:31] WARNING: More than one matching pattern found - picking one

[01:43:31] Warning: molecule is tagged as 2D, but at least one Z coordinate is not zero. Marking the mol as 3D.
[01:43:31] WARNING: More than one matching pattern found - picking one

[01:43:31] Warning: molecule is tagged as 2D, but at least one Z coordinate is not zero. Marking the mol as 3D.
[01:43:31] WARNING: More than one matching pattern found - picking one

[01:43:31] Warning: molecule is tagged as 2D, but at least one Z coordinate is not zero. Marking the mol as 3D.
[01:43:31] WARNING: More than one matching pattern found - picking one

[01:43:31] Warning: molecule is tagged as 2D, but at least one Z coordinate is not zero. Marking the mol as 3D.
[01:43:31] WARNING: More than one matching pattern found - picking one

[01:43:31] Warning: molecule is tagged as 2D, but at least one Z coordinate is not zero. Marking the mol as 3D.
[01:43:31] WARNING: More than one matching pattern found - picking one

[01:43:31] Warning: molecule is tagged as 2D, but at least one Z coordinate is not zero. Marking the mol as 3D.
[01:43:31] WARNING: More than one matching pattern found - picking one

[01:43:31] Warning: molecule is tagged as 2D, but at least one Z coordinate is not zero. Marking the mol as 3D.
[01:43:31] WARNING: More than one matching pattern found - picking one

[01:43:31] Warning: molecule is tagged as 2D, but at least one Z coordinate is not zero. Marking the mol as 3D.
[01:43:31] WARNING: More than one matching pattern found - picking one

[01:43:31] Warning: molecule is tagged as 2D, but at least one Z coordinate is not zero. Marking the mol as 3D.
[01:43:31] WARNING: More than one matching pattern found - picking one

[01:43:31] Warning: molecule is tagged as 2D, but at least one Z coordinate is not zero. Marking the mol as 3D.
[01:43:31] WARNING: More than one matching pattern found - picking one

[01:43:31] Warning: molecule is tagged as 2D, but at least one Z coordinate is not zero. Marking the mol as 3D.
[01:43:31] WARNING: More than one matching pattern found - picking one

[01:43:31] Warning: molecule is tagged as 2D, but at least one Z coordinate is not zero. Marking the mol as 3D.
[01:43:31] WARNING: More than one matching pattern found - picking one

[01:43:31] Warning: molecule is tagged as 2D, but at least one Z coordinate is not zero. Marking the mol as 3D.
[01:43:31] WARNING: More than one matching pattern found - picking one

[01:43:31] Warning: molecule is tagged as 2D, but at least one Z coordinate is not zero. Marking the mol as 3D.
[01:43:31] WARNING: More than one matching pattern found - picking one

[01:43:31] Warning: molecule is tagged as 2D, but at least one Z coordinate is not zero. Marking the mol as 3D.
[01:43:31] WARNING: More than one matching pattern found - picking one

[01:43:31] Warning: molecule is tagged as 2D, but at least one Z coordinate is not zero. Marking the mol as 3D.
[01:43:31] WARNING: More than one matching pattern found - picking one

[01:43:31] Warning: molecule is tagged as 2D, but at least one Z coordinate is not zero. Marking the mol as 3D.
[01:43:31] WARNING: More than one matching pattern found - picking one

[01:43:31] Warning: molecule is tagged as 2D, but at least one Z coordinate is not zero. Marking the mol as 3D.
[01:43:31] WARNING: More than one matching pattern found - picking one

[01:43:31] Warning: molecule is tagged as 2D, but at least one Z coordinate is not zero. Marking the mol as 3D.
[01:43:31] WARNING: More than one matching pattern found - picking one

[01:43:31] Warning: molecule is tagged as 2D, but at least one Z coordinate is not zero. Marking the mol as 3D.
[01:43:31] WARNING: More than one matching pattern found - picking one

[01:43:31] Warning: molecule is tagged as 2D, but at least one Z coordinate is not zero. Marking the mol as 3D.
[01:43:31] WARNING: More than one matching pattern found - picking one

[01:43:31] Warning: molecule is tagged as 2D, but at least one Z coordinate is not zero. Marking the mol as 3D.
[01:43:31] WARNING: More than one matching pattern found - picking one

[01:43:31] Warning: molecule is tagged as 2D, but at least one Z coordinate is not zero. Marking the mol as 3D.
[01:43:31] WARNING: More than one matching pattern found - picking one

[01:43:31] Warning: molecule is tagged as 2D, but at least one Z coordinate is not zero. Marking the mol as 3D.
[01:43:31] WARNING: More than one matching pattern found - picking one

[01:43:31] Warning: molecule is tagged as 2D, but at least one Z coordinate is not zero. Marking the mol as 3D.
[01:43:31] WARNING: More than one matching pattern found - picking one

[01:43:31] Warning: molecule is tagged as 2D, but at least one Z coordinate is not zero. Marking the mol as 3D.
[01:43:31] WARNING: More than one matching pattern found - picking one

[01:43:31] Warning: molecule is tagged as 2D, but at least one Z coordinate is not zero. Marking the mol as 3D.
[01:43:31] WARNING: More than one matching pattern found - picking one

[01:43:31] Warning: molecule is tagged as 2D, but at least one Z coordinate is not zero. Marking the mol as 3D.
[01:43:31] WARNING: More than one matching pattern found - picking one

[01:43:31] Warning: molecule is tagged as 2D, but at least one Z coordinate is not zero. Marking the mol as 3D.
[01:43:31] WARNING: More than one matching pattern found - picking one

[01:43:31] Warning: molecule is tagged as 2D, but at least one Z coordinate is not zero. Marking the mol as 3D.
[01:43:31] WARNING: More than one matching pattern found - picking one

[01:43:31] Warning: molecule is tagged as 2D, but at least one Z coordinate is not zero. Marking the mol as 3D.
[01:43:31] WARNING: More than one matching pattern found - picking one

[01:43:31] Warning: molecule is tagged as 2D, but at least one Z coordinate is not zero. Marking the mol as 3D.
[01:43:31] WARNING: More than one matching pattern found - picking one

[01:43:31] Warning: molecule is tagged as 2D, but at least one Z coordinate is not zero. Marking the mol as 3D.
[01:43:31] WARNING: More than one matching pattern found - picking one

[01:43:31] Warning: molecule is tagged as 2D, but at least one Z coordinate is not zero. Marking the mol as 3D.
[01:43:31] WARNING: More than one matching pattern found - picking one

[01:43:31] Warning: molecule is tagged as 2D, but at least one Z coordinate is not zero. Marking the mol as 3D.
[01:43:31] WARNING: More than one matching pattern found - picking one

[01:43:31] Warning: molecule is tagged as 2D, but at least one Z coordinate is not zero. Marking the mol as 3D.
[01:43:31] WARNING: More than one matching pattern found - picking one

[01:43:31] Warning: molecule is tagged as 2D, but at least one Z coordinate is not zero. Marking the mol as 3D.
[01:43:31] WARNING: More than one matching pattern found - picking one

[01:43:31] Warning: molecule is tagged as 2D, but at least one Z coordinate is not zero. Marking the mol as 3D.
[01:43:31] WARNING: More than one matching pattern found - picking one

[01:43:31] Warning: molecule is tagged as 2D, but at least one Z coordinate is not zero. Marking the mol as 3D.
[01:43:32] WARNING: More than one matching pattern found - picking one

[01:43:32] Warning: molecule is tagged as 2D, but at least one Z coordinate is not zero. Marking the mol as 3D.
[01:43:32] WARNING: More than one matching pattern found - picking one

[01:43:32] Warning: molecule is tagged as 2D, but at least one Z coordinate is not zero. Marking the mol as 3D.
[01:43:32] WARNING: More than one matching pattern found - picking one

[01:43:32] Warning: molecule is tagged as 2D, but at least one Z coordinate is not zero. Marking the mol as 3D.
[01:43:32] WARNING: More than one matching pattern found - picking one

[01:43:32] Warning: molecule is tagged as 2D, but at least one Z coordinate is not zero. Marking the mol as 3D.
[01:43:32] WARNING: More than one matching pattern found - picking one

[01:43:32] Warning: molecule is tagged as 2D, but at least one Z coordinate is not zero. Marking the mol as 3D.
[01:43:32] WARNING: More than one matching pattern found - picking one

[01:43:32] Warning: molecule is tagged as 2D, but at least one Z coordinate is not zero. Marking the mol as 3D.
[01:43:32] WARNING: More than one matching pattern found - picking one

[01:43:32] Warning: molecule is tagged as 2D, but at least one Z coordinate is not zero. Marking the mol as 3D.
[01:43:32] WARNING: More than one matching pattern found - picking one

[01:43:32] Warning: molecule is tagged as 2D, but at least one Z coordinate is not zero. Marking the mol as 3D.
[01:43:32] WARNING: More than one matching pattern found - picking one

[01:43:32] Warning: molecule is tagged as 2D, but at least one Z coordinate is not zero. Marking the mol as 3D.
[01:43:32] WARNING: More than one matching pattern found - picking one

[01:43:32] Warning: molecule is tagged as 2D, but at least one Z coordinate is not zero. Marking the mol as 3D.
[01:43:32] WARNING: More than one matching pattern found - picking one

[01:43:32] Warning: molecule is tagged as 2D, but at least one Z coordinate is not zero. Marking the mol as 3D.
[01:43:32] WARNING: More than one matching pattern found - picking one

[01:43:32] Warning: molecule is tagged as 2D, but at least one Z coordinate is not zero. Marking the mol as 3D.
[01:43:32] WARNING: More than one matching pattern found - picking one

[01:43:32] Warning: molecule is tagged as 2D, but at least one Z coordinate is not zero. Marking the mol as 3D.
[01:43:32] WARNING: More than one matching pattern found - picking one

[01:43:32] Warning: molecule is tagged as 2D, but at least one Z coordinate is not zero. Marking the mol as 3D.
[01:43:32] WARNING: More than one matching pattern found - picking one

[01:43:32] Warning: molecule is tagged as 2D, but at least one Z coordinate is not zero. Marking the mol as 3D.
[01:43:32] WARNING: More than one matching pattern found - picking one

[01:43:32] Warning: molecule is tagged as 2D, but at least one Z coordinate is not zero. Marking the mol as 3D.
[01:43:32] WARNING: More than one matching pattern found - picking one

[01:43:32] Warning: molecule is tagged as 2D, but at least one Z coordinate is not zero. Marking the mol as 3D.
[01:43:32] WARNING: More than one matching pattern found - picking one

[01:43:32] Warning: molecule is tagged as 2D, but at least one Z coordinate is not zero. Marking the mol as 3D.
[01:43:32] WARNING: More than one matching pattern found - picking one

[01:43:32] Warning: molecule is tagged as 2D, but at least one Z coordinate is not zero. Marking the mol as 3D.
[01:43:32] WARNING: More than one matching pattern found - picking one

[01:43:32] Warning: molecule is tagged as 2D, but at least one Z coordinate is not zero. Marking the mol as 3D.
[01:43:32] WARNING: More than one matching pattern found - picking one

[01:43:32] Warning: molecule is tagged as 2D, but at least one Z coordinate is not zero. Marking the mol as 3D.
[01:43:32] WARNING: More than one matching pattern found - picking one

[01:43:32] Warning: molecule is tagged as 2D, but at least one Z coordinate is not zero. Marking the mol as 3D.
[01:43:32] WARNING: More than one matching pattern found - picking one

[01:43:32] Warning: molecule is tagged as 2D, but at least one Z coordinate is not zero. Marking the mol as 3D.
[01:43:32] WARNING: More than one matching pattern found - picking one

[01:43:32] Warning: molecule is tagged as 2D, but at least one Z coordinate is not zero. Marking the mol as 3D.
[01:43:32] WARNING: More than one matching pattern found - picking one

[01:43:32] Warning: molecule is tagged as 2D, but at least one Z coordinate is not zero. Marking the mol as 3D.
[01:43:32] WARNING: More than one matching pattern found - picking one

[01:43:32] Warning: molecule is tagged as 2D, but at least one Z coordinate is not zero. Marking the mol as 3D.
[01:43:32] WARNING: More than one matching pattern found - picking one

[01:43:32] Warning: molecule is tagged as 2D, but at least one Z coordinate is not zero. Marking the mol as 3D.
[01:43:32] WARNING: More than one matching pattern found - picking one

[01:43:32] Warning: molecule is tagged as 2D, but at least one Z coordinate is not zero. Marking the mol as 3D.
[01:43:32] WARNING: More than one matching pattern found - picking one

[01:43:32] Warning: molecule is tagged as 2D, but at least one Z coordinate is not zero. Marking the mol as 3D.
[01:43:32] WARNING: More than one matching pattern found - picking one

[01:43:32] Warning: molecule is tagged as 2D, but at least one Z coordinate is not zero. Marking the mol as 3D.
[01:43:32] WARNING: More than one matching pattern found - picking one

[01:43:33] Warning: molecule is tagged as 2D, but at least one Z coordinate is not zero. Marking the mol as 3D.
[01:43:33] WARNING: More than one matching pattern found - picking one

[01:43:33] Warning: molecule is tagged as 2D, but at least one Z coordinate is not zero. Marking the mol as 3D.
[01:43:33] WARNING: More than one matching pattern found - picking one

[01:43:33] Warning: molecule is tagged as 2D, but at least one Z coordinate is not zero. Marking the mol as 3D.
[01:43:33] WARNING: More than one matching pattern found - picking one

[01:43:33] Warning: molecule is tagged as 2D, but at least one Z coordinate is not zero. Marking the mol as 3D.
[01:43:33] WARNING: More than one matching pattern found - picking one

[01:43:33] Warning: molecule is tagged as 2D, but at least one Z coordinate is not zero. Marking the mol as 3D.
[01:43:33] WARNING: More than one matching pattern found - picking one

[01:43:33] Warning: molecule is tagged as 2D, but at least one Z coordinate is not zero. Marking the mol as 3D.
[01:43:33] WARNING: More than one matching pattern found - picking one

[01:43:33] Warning: molecule is tagged as 2D, but at least one Z coordinate is not zero. Marking the mol as 3D.
[01:43:33] WARNING: More than one matching pattern found - picking one

[01:43:33] Warning: molecule is tagged as 2D, but at least one Z coordinate is not zero. Marking the mol as 3D.
[01:43:33] WARNING: More than one matching pattern found - picking one

[01:43:33] Warning: molecule is tagged as 2D, but at least one Z coordinate is not zero. Marking the mol as 3D.
[01:43:33] WARNING: More than one matching pattern found - picking one

[01:43:33] Warning: molecule is tagged as 2D, but at least one Z coordinate is not zero. Marking the mol as 3D.
[01:43:33] WARNING: More than one matching pattern found - picking one

[01:43:33] Warning: molecule is tagged as 2D, but at least one Z coordinate is not zero. Marking the mol as 3D.
[01:43:33] WARNING: More than one matching pattern found - picking one

[01:43:33] Warning: molecule is tagged as 2D, but at least one Z coordinate is not zero. Marking the mol as 3D.
[01:43:33] WARNING: More than one matching pattern found - picking one

[01:43:33] Warning: molecule is tagged as 2D, but at least one Z coordinate is not zero. Marking the mol as 3D.
[01:43:33] WARNING: More than one matching pattern found - picking one

[01:43:33] Warning: molecule is tagged as 2D, but at least one Z coordinate is not zero. Marking the mol as 3D.
[01:43:33] WARNING: More than one matching pattern found - picking one

[01:43:33] Warning: molecule is tagged as 2D, but at least one Z coordinate is not zero. Marking the mol as 3D.
[01:43:33] WARNING: More than one matching pattern found - picking one

[01:43:33] Warning: molecule is tagged as 2D, but at least one Z coordinate is not zero. Marking the mol as 3D.
[01:43:33] WARNING: More than one matching pattern found - picking one

[01:43:33] Warning: molecule is tagged as 2D, but at least one Z coordinate is not zero. Marking the mol as 3D.
[01:43:33] WARNING: More than one matching pattern found - picking one

[01:43:33] Warning: molecule is tagged as 2D, but at least one Z coordinate is not zero. Marking the mol as 3D.
[01:43:33] WARNING: More than one matching pattern found - picking one

[01:43:33] Warning: molecule is tagged as 2D, but at least one Z coordinate is not zero. Marking the mol as 3D.
[01:43:33] WARNING: More than one matching pattern found - picking one

[01:43:33] Warning: molecule is tagged as 2D, but at least one Z coordinate is not zero. Marking the mol as 3D.
[01:43:33] WARNING: More than one matching pattern found - picking one

[01:43:33] Warning: molecule is tagged as 2D, but at least one Z coordinate is not zero. Marking the mol as 3D.
[01:43:33] WARNING: More than one matching pattern found - picking one

[01:43:33] Warning: molecule is tagged as 2D, but at least one Z coordinate is not zero. Marking the mol as 3D.
[01:43:33] WARNING: More than one matching pattern found - picking one

[01:43:33] Warning: molecule is tagged as 2D, but at least one Z coordinate is not zero. Marking the mol as 3D.
[01:43:33] WARNING: More than one matching pattern found - picking one

[01:43:33] Warning: molecule is tagged as 2D, but at least one Z coordinate is not zero. Marking the mol as 3D.
[01:43:33] WARNING: More than one matching pattern found - picking one

[01:43:33] Warning: molecule is tagged as 2D, but at least one Z coordinate is not zero. Marking the mol as 3D.
[01:43:33] WARNING: More than one matching pattern found - picking one

[01:43:33] Warning: molecule is tagged as 2D, but at least one Z coordinate is not zero. Marking the mol as 3D.
[01:43:33] WARNING: More than one matching pattern found - picking one

[01:43:33] Warning: molecule is tagged as 2D, but at least one Z coordinate is not zero. Marking the mol as 3D.
[01:43:33] WARNING: More than one matching pattern found - picking one

[01:43:33] Warning: molecule is tagged as 2D, but at least one Z coordinate is not zero. Marking the mol as 3D.
[01:43:33] WARNING: More than one matching pattern found - picking one

[01:43:33] Warning: molecule is tagged as 2D, but at least one Z coordinate is not zero. Marking the mol as 3D.
[01:43:33] WARNING: More than one matching pattern found - picking one

[01:43:33] Warning: molecule is tagged as 2D, but at least one Z coordinate is not zero. Marking the mol as 3D.
[01:43:33] WARNING: More than one matching pattern found - picking one

[01:43:33] Warning: molecule is tagged as 2D, but at least one Z coordinate is not zero. Marking the mol as 3D.
[01:43:33] WARNING: More than one matching pattern found - picking one

[01:43:33] Warning: molecule is tagged as 2D, but at least one Z coordinate is not zero. Marking the mol as 3D.
[01:43:33] WARNING: More than one matching pattern found - picking one

[01:43:33] Warning: molecule is tagged as 2D, but at least one Z coordinate is not zero. Marking the mol as 3D.
[01:43:33] WARNING: More than one matching pattern found - picking one

[01:43:33] Warning: molecule is tagged as 2D, but at least one Z coordinate is not zero. Marking the mol as 3D.
[01:43:33] WARNING: More than one matching pattern found - picking one

[01:43:33] Warning: molecule is tagged as 2D, but at least one Z coordinate is not zero. Marking the mol as 3D.
[01:43:33] WARNING: More than one matching pattern found - picking one

[01:43:33] Warning: molecule is tagged as 2D, but at least one Z coordinate is not zero. Marking the mol as 3D.
[01:43:33] WARNING: More than one matching pattern found - picking one

[01:43:33] Warning: molecule is tagged as 2D, but at least one Z coordinate is not zero. Marking the mol as 3D.
[01:43:33] WARNING: More than one matching pattern found - picking one

[01:43:33] Warning: molecule is tagged as 2D, but at least one Z coordinate is not zero. Marking the mol as 3D.
[01:43:33] WARNING: More than one matching pattern found - picking one

[01:43:33] Warning: molecule is tagged as 2D, but at least one Z coordinate is not zero. Marking the mol as 3D.
[01:43:33] WARNING: More than one matching pattern found - picking one

[01:43:33] Warning: molecule is tagged as 2D, but at least one Z coordinate is not zero. Marking the mol as 3D.
[01:43:34] WARNING: More than one matching pattern found - picking one

[01:43:34] Warning: molecule is tagged as 2D, but at least one Z coordinate is not zero. Marking the mol as 3D.
[01:43:34] WARNING: More than one matching pattern found - picking one

[01:43:34] Warning: molecule is tagged as 2D, but at least one Z coordinate is not zero. Marking the mol as 3D.
[01:43:34] WARNING: More than one matching pattern found - picking one

[01:43:34] Warning: molecule is tagged as 2D, but at least one Z coordinate is not zero. Marking the mol as 3D.
[01:43:34] WARNING: More than one matching pattern found - picking one

[01:43:34] Warning: molecule is tagged as 2D, but at least one Z coordinate is not zero. Marking the mol as 3D.
[01:43:34] WARNING: More than one matching pattern found - picking one

[01:43:34] Warning: molecule is tagged as 2D, but at least one Z coordinate is not zero. Marking the mol as 3D.
[01:43:34] WARNING: More than one matching pattern found - picking one

[01:43:34] Warning: molecule is tagged as 2D, but at least one Z coordinate is not zero. Marking the mol as 3D.
[01:43:34] WARNING: More than one matching pattern found - picking one

[01:43:34] Warning: molecule is tagged as 2D, but at least one Z coordinate is not zero. Marking the mol as 3D.
[01:43:34] WARNING: More than one matching pattern found - picking one

[01:43:34] Warning: molecule is tagged as 2D, but at least one Z coordinate is not zero. Marking the mol as 3D.
[01:43:34] WARNING: More than one matching pattern found - picking one

[01:43:34] Warning: molecule is tagged as 2D, but at least one Z coordinate is not zero. Marking the mol as 3D.
[01:43:34] WARNING: More than one matching pattern found - picking one

[01:43:34] Warning: molecule is tagged as 2D, but at least one Z coordinate is not zero. Marking the mol as 3D.
[01:43:34] WARNING: More than one matching pattern found - picking one

[01:43:34] Warning: molecule is tagged as 2D, but at least one Z coordinate is not zero. Marking the mol as 3D.
[01:43:34] WARNING: More than one matching pattern found - picking one

[01:43:34] Warning: molecule is tagged as 2D, but at least one Z coordinate is not zero. Marking the mol as 3D.
[01:43:34] WARNING: More than one matching pattern found - picking one

[01:43:34] Warning: molecule is tagged as 2D, but at least one Z coordinate is not zero. Marking the mol as 3D.
[01:43:34] WARNING: More than one matching pattern found - picking one

[01:43:34] Warning: molecule is tagged as 2D, but at least one Z coordinate is not zero. Marking the mol as 3D.
[01:43:34] WARNING: More than one matching pattern found - picking one

[01:43:34] Warning: molecule is tagged as 2D, but at least one Z coordinate is not zero. Marking the mol as 3D.
[01:43:34] WARNING: More than one matching pattern found - picking one

[01:43:34] Warning: molecule is tagged as 2D, but at least one Z coordinate is not zero. Marking the mol as 3D.
[01:43:34] WARNING: More than one matching pattern found - picking one

[01:43:34] Warning: molecule is tagged as 2D, but at least one Z coordinate is not zero. Marking the mol as 3D.
[01:43:34] WARNING: More than one matching pattern found - picking one

[01:43:34] Warning: molecule is tagged as 2D, but at least one Z coordinate is not zero. Marking the mol as 3D.
[01:43:34] WARNING: More than one matching pattern found - picking one

[01:43:34] Warning: molecule is tagged as 2D, but at least one Z coordinate is not zero. Marking the mol as 3D.
[01:43:34] WARNING: More than one matching pattern found - picking one

[01:43:34] Warning: molecule is tagged as 2D, but at least one Z coordinate is not zero. Marking the mol as 3D.
[01:43:34] WARNING: More than one matching pattern found - picking one

[01:43:34] Warning: molecule is tagged as 2D, but at least one Z coordinate is not zero. Marking the mol as 3D.
[01:43:34] WARNING: More than one matching pattern found - picking one

[01:43:34] Warning: molecule is tagged as 2D, but at least one Z coordinate is not zero. Marking the mol as 3D.
[01:43:34] WARNING: More than one matching pattern found - picking one

[01:43:34] Warning: molecule is tagged as 2D, but at least one Z coordinate is not zero. Marking the mol as 3D.
[01:43:34] WARNING: More than one matching pattern found - picking one

[01:43:34] Warning: molecule is tagged as 2D, but at least one Z coordinate is not zero. Marking the mol as 3D.
[01:43:34] WARNING: More than one matching pattern found - picking one

[01:43:34] Warning: molecule is tagged as 2D, but at least one Z coordinate is not zero. Marking the mol as 3D.
[01:43:34] WARNING: More than one matching pattern found - picking one

[01:43:34] Warning: molecule is tagged as 2D, but at least one Z coordinate is not zero. Marking the mol as 3D.
[01:43:34] WARNING: More than one matching pattern found - picking one

[01:43:34] Warning: molecule is tagged as 2D, but at least one Z coordinate is not zero. Marking the mol as 3D.
[01:43:34] WARNING: More than one matching pattern found - picking one

[01:43:34] Warning: molecule is tagged as 2D, but at least one Z coordinate is not zero. Marking the mol as 3D.
[01:43:34] WARNING: More than one matching pattern found - picking one

[01:43:34] Warning: molecule is tagged as 2D, but at least one Z coordinate is not zero. Marking the mol as 3D.
[01:43:34] WARNING: More than one matching pattern found - picking one

[01:43:34] Warning: molecule is tagged as 2D, but at least one Z coordinate is not zero. Marking the mol as 3D.
[01:43:34] WARNING: More than one matching pattern found - picking one

[01:43:34] Warning: molecule is tagged as 2D, but at least one Z coordinate is not zero. Marking the mol as 3D.
[01:43:34] WARNING: More than one matching pattern found - picking one

[01:43:34] Warning: molecule is tagged as 2D, but at least one Z coordinate is not zero. Marking the mol as 3D.
[01:43:34] WARNING: More than one matching pattern found - picking one

[01:43:34] Warning: molecule is tagged as 2D, but at least one Z coordinate is not zero. Marking the mol as 3D.
[01:43:35] WARNING: More than one matching pattern found - picking one

[01:43:35] Warning: molecule is tagged as 2D, but at least one Z coordinate is not zero. Marking the mol as 3D.
[01:43:35] WARNING: More than one matching pattern found - picking one

[01:43:35] Warning: molecule is tagged as 2D, but at least one Z coordinate is not zero. Marking the mol as 3D.
[01:43:35] WARNING: More than one matching pattern found - picking one

[01:43:35] Warning: molecule is tagged as 2D, but at least one Z coordinate is not zero. Marking the mol as 3D.
[01:43:35] WARNING: More than one matching pattern found - picking one

[01:43:35] Warning: molecule is tagged as 2D, but at least one Z coordinate is not zero. Marking the mol as 3D.
[01:43:35] WARNING: More than one matching pattern found - picking one

[01:43:35] Warning: molecule is tagged as 2D, but at least one Z coordinate is not zero. Marking the mol as 3D.
[01:43:35] WARNING: More than one matching pattern found - picking one

[01:43:35] Warning: molecule is tagged as 2D, but at least one Z coordinate is not zero. Marking the mol as 3D.
[01:43:35] WARNING: More than one matching pattern found - picking one

[01:43:35] Warning: molecule is tagged as 2D, but at least one Z coordinate is not zero. Marking the mol as 3D.
[01:43:35] WARNING: More than one matching pattern found - picking one

[01:43:35] Warning: molecule is tagged as 2D, but at least one Z coordinate is not zero. Marking the mol as 3D.
[01:43:35] WARNING: More than one matching pattern found - picking one

[01:43:35] Warning: molecule is tagged as 2D, but at least one Z coordinate is not zero. Marking the mol as 3D.
[01:43:35] WARNING: More than one matching pattern found - picking one

[01:43:35] Warning: molecule is tagged as 2D, but at least one Z coordinate is not zero. Marking the mol as 3D.
[01:43:35] WARNING: More than one matching pattern found - picking one

[01:43:35] Warning: molecule is tagged as 2D, but at least one Z coordinate is not zero. Marking the mol as 3D.
[01:43:35] WARNING: More than one matching pattern found - picking one

[01:43:35] Warning: molecule is tagged as 2D, but at least one Z coordinate is not zero. Marking the mol as 3D.
[01:43:35] WARNING: More than one matching pattern found - picking one

[01:43:35] Warning: molecule is tagged as 2D, but at least one Z coordinate is not zero. Marking the mol as 3D.
[01:43:35] WARNING: More than one matching pattern found - picking one

[01:43:35] Warning: molecule is tagged as 2D, but at least one Z coordinate is not zero. Marking the mol as 3D.
[01:43:35] WARNING: More than one matching pattern found - picking one

[01:43:35] Warning: molecule is tagged as 2D, but at least one Z coordinate is not zero. Marking the mol as 3D.
[01:43:35] WARNING: More than one matching pattern found - picking one

[01:43:35] Warning: molecule is tagged as 2D, but at least one Z coordinate is not zero. Marking the mol as 3D.
[01:43:35] WARNING: More than one matching pattern found - picking one

[01:43:35] Warning: molecule is tagged as 2D, but at least one Z coordinate is not zero. Marking the mol as 3D.
[01:43:35] WARNING: More than one matching pattern found - picking one

[01:43:35] Warning: molecule is tagged as 2D, but at least one Z coordinate is not zero. Marking the mol as 3D.
[01:43:35] WARNING: More than one matching pattern found - picking one

[01:43:35] Warning: molecule is tagged as 2D, but at least one Z coordinate is not zero. Marking the mol as 3D.
[01:43:35] WARNING: More than one matching pattern found - picking one

[01:43:35] Warning: molecule is tagged as 2D, but at least one Z coordinate is not zero. Marking the mol as 3D.
[01:43:35] WARNING: More than one matching pattern found - picking one

[01:43:35] Warning: molecule is tagged as 2D, but at least one Z coordinate is not zero. Marking the mol as 3D.
[01:43:35] WARNING: More than one matching pattern found - picking one

[01:43:35] Warning: molecule is tagged as 2D, but at least one Z coordinate is not zero. Marking the mol as 3D.
[01:43:35] WARNING: More than one matching pattern found - picking one

[01:43:35] Warning: molecule is tagged as 2D, but at least one Z coordinate is not zero. Marking the mol as 3D.
[01:43:35] WARNING: More than one matching pattern found - picking one

[01:43:35] Warning: molecule is tagged as 2D, but at least one Z coordinate is not zero. Marking the mol as 3D.
[01:43:35] WARNING: More than one matching pattern found - picking one

[01:43:35] Warning: molecule is tagged as 2D, but at least one Z coordinate is not zero. Marking the mol as 3D.
[01:43:35] WARNING: More than one matching pattern found - picking one

[01:43:35] Warning: molecule is tagged as 2D, but at least one Z coordinate is not zero. Marking the mol as 3D.
[01:43:35] WARNING: More than one matching pattern found - picking one

[01:43:35] Warning: molecule is tagged as 2D, but at least one Z coordinate is not zero. Marking the mol as 3D.
[01:43:35] WARNING: More than one matching pattern found - picking one

[01:43:35] Warning: molecule is tagged as 2D, but at least one Z coordinate is not zero. Marking the mol as 3D.
[01:43:35] WARNING: More than one matching pattern found - picking one

[01:43:35] Warning: molecule is tagged as 2D, but at least one Z coordinate is not zero. Marking the mol as 3D.
[01:43:35] WARNING: More than one matching pattern found - picking one

[01:43:35] Warning: molecule is tagged as 2D, but at least one Z coordinate is not zero. Marking the mol as 3D.
[01:43:35] WARNING: More than one matching pattern found - picking one

[01:43:35] Warning: molecule is tagged as 2D, but at least one Z coordinate is not zero. Marking the mol as 3D.
[01:43:35] WARNING: More than one matching pattern found - picking one

[01:43:35] Warning: molecule is tagged as 2D, but at least one Z coordinate is not zero. Marking the mol as 3D.
[01:43:35] WARNING: More than one matching pattern found - picking one

[01:43:35] Warning: molecule is tagged as 2D, but at least one Z coordinate is not zero. Marking the mol as 3D.
[01:43:35] WARNING: More than one matching pattern found - picking one

[01:43:35] Warning: molecule is tagged as 2D, but at least one Z coordinate is not zero. Marking the mol as 3D.
[01:43:35] WARNING: More than one matching pattern found - picking one

[01:43:35] Warning: molecule is tagged as 2D, but at least one Z coordinate is not zero. Marking the mol as 3D.
[01:43:35] WARNING: More than one matching pattern found - picking one

[01:43:35] Warning: molecule is tagged as 2D, but at least one Z coordinate is not zero. Marking the mol as 3D.
[01:43:35] WARNING: More than one matching pattern found - picking one

[01:43:35] Warning: molecule is tagged as 2D, but at least one Z coordinate is not zero. Marking the mol as 3D.
[01:43:36] WARNING: More than one matching pattern found - picking one

[01:43:36] Warning: molecule is tagged as 2D, but at least one Z coordinate is not zero. Marking the mol as 3D.
[01:43:36] WARNING: More than one matching pattern found - picking one

[01:43:36] Warning: molecule is tagged as 2D, but at least one Z coordinate is not zero. Marking the mol as 3D.
[01:43:36] WARNING: More than one matching pattern found - picking one

[01:43:36] Warning: molecule is tagged as 2D, but at least one Z coordinate is not zero. Marking the mol as 3D.
[01:43:36] WARNING: More than one matching pattern found - picking one

[01:43:36] Warning: molecule is tagged as 2D, but at least one Z coordinate is not zero. Marking the mol as 3D.
[01:43:36] WARNING: More than one matching pattern found - picking one

[01:43:36] Warning: molecule is tagged as 2D, but at least one Z coordinate is not zero. Marking the mol as 3D.
[01:43:36] WARNING: More than one matching pattern found - picking one

[01:43:36] Warning: molecule is tagged as 2D, but at least one Z coordinate is not zero. Marking the mol as 3D.
[01:43:36] WARNING: More than one matching pattern found - picking one

[01:43:36] Warning: molecule is tagged as 2D, but at least one Z coordinate is not zero. Marking the mol as 3D.
[01:43:36] WARNING: More than one matching pattern found - picking one

[01:43:36] Warning: molecule is tagged as 2D, but at least one Z coordinate is not zero. Marking the mol as 3D.
[01:43:36] WARNING: More than one matching pattern found - picking one

[01:43:36] Warning: molecule is tagged as 2D, but at least one Z coordinate is not zero. Marking the mol as 3D.
[01:43:36] WARNING: More than one matching pattern found - picking one

[01:43:36] Warning: molecule is tagged as 2D, but at least one Z coordinate is not zero. Marking the mol as 3D.
[01:43:36] WARNING: More than one matching pattern found - picking one

[01:43:36] Warning: molecule is tagged as 2D, but at least one Z coordinate is not zero. Marking the mol as 3D.
[01:43:36] WARNING: More than one matching pattern found - picking one

[01:43:36] Warning: molecule is tagged as 2D, but at least one Z coordinate is not zero. Marking the mol as 3D.
[01:43:36] WARNING: More than one matching pattern found - picking one

[01:43:36] Warning: molecule is tagged as 2D, but at least one Z coordinate is not zero. Marking the mol as 3D.
[01:43:36] WARNING: More than one matching pattern found - picking one

[01:43:36] Warning: molecule is tagged as 2D, but at least one Z coordinate is not zero. Marking the mol as 3D.
[01:43:36] WARNING: More than one matching pattern found - picking one

[01:43:36] Warning: molecule is tagged as 2D, but at least one Z coordinate is not zero. Marking the mol as 3D.
[01:43:36] WARNING: More than one matching pattern found - picking one

[01:43:36] Warning: molecule is tagged as 2D, but at least one Z coordinate is not zero. Marking the mol as 3D.
[01:43:36] WARNING: More than one matching pattern found - picking one

[01:43:36] Warning: molecule is tagged as 2D, but at least one Z coordinate is not zero. Marking the mol as 3D.
[01:43:36] WARNING: More than one matching pattern found - picking one

[01:43:36] Warning: molecule is tagged as 2D, but at least one Z coordinate is not zero. Marking the mol as 3D.
[01:43:36] WARNING: More than one matching pattern found - picking one

[01:43:36] Warning: molecule is tagged as 2D, but at least one Z coordinate is not zero. Marking the mol as 3D.
[01:43:36] WARNING: More than one matching pattern found - picking one

[01:43:36] Warning: molecule is tagged as 2D, but at least one Z coordinate is not zero. Marking the mol as 3D.
[01:43:36] WARNING: More than one matching pattern found - picking one

[01:43:36] Warning: molecule is tagged as 2D, but at least one Z coordinate is not zero. Marking the mol as 3D.
[01:43:36] WARNING: More than one matching pattern found - picking one

[01:43:36] Warning: molecule is tagged as 2D, but at least one Z coordinate is not zero. Marking the mol as 3D.
[01:43:36] WARNING: More than one matching pattern found - picking one

[01:43:36] Warning: molecule is tagged as 2D, but at least one Z coordinate is not zero. Marking the mol as 3D.
[01:43:36] WARNING: More than one matching pattern found - picking one

[01:43:36] Warning: molecule is tagged as 2D, but at least one Z coordinate is not zero. Marking the mol as 3D.
[01:43:36] WARNING: More than one matching pattern found - picking one

[01:43:36] Warning: molecule is tagged as 2D, but at least one Z coordinate is not zero. Marking the mol as 3D.
[01:43:36] WARNING: More than one matching pattern found - picking one

[01:43:36] Warning: molecule is tagged as 2D, but at least one Z coordinate is not zero. Marking the mol as 3D.
[01:43:36] WARNING: More than one matching pattern found - picking one

[01:43:36] Warning: molecule is tagged as 2D, but at least one Z coordinate is not zero. Marking the mol as 3D.
[01:43:36] WARNING: More than one matching pattern found - picking one

[01:43:36] Warning: molecule is tagged as 2D, but at least one Z coordinate is not zero. Marking the mol as 3D.
[01:43:36] WARNING: More than one matching pattern found - picking one

[01:43:36] Warning: molecule is tagged as 2D, but at least one Z coordinate is not zero. Marking the mol as 3D.
[01:43:36] WARNING: More than one matching pattern found - picking one

[01:43:36] Warning: molecule is tagged as 2D, but at least one Z coordinate is not zero. Marking the mol as 3D.
[01:43:36] WARNING: More than one matching pattern found - picking one

[01:43:36] Warning: molecule is tagged as 2D, but at least one Z coordinate is not zero. Marking the mol as 3D.
[01:43:36] WARNING: More than one matching pattern found - picking one

[01:43:36] Warning: molecule is tagged as 2D, but at least one Z coordinate is not zero. Marking the mol as 3D.
[01:43:36] WARNING: More than one matching pattern found - picking one

[01:43:36] Warning: molecule is tagged as 2D, but at least one Z coordinate is not zero. Marking the mol as 3D.
[01:43:36] WARNING: More than one matching pattern found - picking one

[01:43:36] Warning: molecule is tagged as 2D, but at least one Z coordinate is not zero. Marking the mol as 3D.
[01:43:36] WARNING: More than one matching pattern found - picking one

[01:43:36] Warning: molecule is tagged as 2D, but at least one Z coordinate is not zero. Marking the mol as 3D.
[01:43:36] WARNING: More than one matching pattern found - picking one

[01:43:36] Warning: molecule is tagged as 2D, but at least one Z coordinate is not zero. Marking the mol as 3D.
[01:43:36] WARNING: More than one matching pattern found - picking one

[01:43:36] Warning: molecule is tagged as 2D, but at least one Z coordinate is not zero. Marking the mol as 3D.
[01:43:36] WARNING: More than one matching pattern found - picking one

[01:43:36] Warning: molecule is tagged as 2D, but at least one Z coordinate is not zero. Marking the mol as 3D.
[01:43:36] WARNING: More than one matching pattern found - picking one

[01:43:36] Warning: molecule is tagged as 2D, but at least one Z coordinate is not zero. Marking the mol as 3D.
[01:43:36] WARNING: More than one matching pattern found - picking one

[01:43:36] Warning: molecule is tagged as 2D, but at least one Z coordinate is not zero. Marking the mol as 3D.
[01:43:36] WARNING: More than one matching pattern found - picking one

[01:43:36] Warning: molecule is tagged as 2D, but at least one Z coordinate is not zero. Marking the mol as 3D.
[01:43:36] WARNING: More than one matching pattern found - picking one

[01:43:36] Warning: molecule is tagged as 2D, but at least one Z coordinate is not zero. Marking the mol as 3D.
[01:43:36] WARNING: More than one matching pattern found - picking one

[01:43:36] Warning: molecule is tagged as 2D, but at least one Z coordinate is not zero. Marking the mol as 3D.
[01:43:36] WARNING: More than one matching pattern found - picking one

[01:43:36] Warning: molecule is tagged as 2D, but at least one Z coordinate is not zero. Marking the mol as 3D.
[01:43:36] WARNING: More than one matching pattern found - picking one

[01:43:36] Warning: molecule is tagged as 2D, but at least one Z coordinate is not zero. Marking the mol as 3D.
[01:43:36] WARNING: More than one matching pattern found - picking one

[01:43:37] Warning: molecule is tagged as 2D, but at least one Z coordinate is not zero. Marking the mol as 3D.
[01:43:37] WARNING: More than one matching pattern found - picking one

[01:43:37] Warning: molecule is tagged as 2D, but at least one Z coordinate is not zero. Marking the mol as 3D.
[01:43:37] WARNING: More than one matching pattern found - picking one

[01:43:37] Warning: molecule is tagged as 2D, but at least one Z coordinate is not zero. Marking the mol as 3D.
[01:43:37] WARNING: More than one matching pattern found - picking one

[01:43:37] Warning: molecule is tagged as 2D, but at least one Z coordinate is not zero. Marking the mol as 3D.
[01:43:37] WARNING: More than one matching pattern found - picking one

[01:43:37] Warning: molecule is tagged as 2D, but at least one Z coordinate is not zero. Marking the mol as 3D.
[01:43:37] WARNING: More than one matching pattern found - picking one

[01:43:37] Warning: molecule is tagged as 2D, but at least one Z coordinate is not zero. Marking the mol as 3D.
[01:43:37] WARNING: More than one matching pattern found - picking one

[01:43:37] Warning: molecule is tagged as 2D, but at least one Z coordinate is not zero. Marking the mol as 3D.
[01:43:37] WARNING: More than one matching pattern found - picking one

[01:43:37] Warning: molecule is tagged as 2D, but at least one Z coordinate is not zero. Marking the mol as 3D.
[01:43:37] WARNING: More than one matching pattern found - picking one

[01:43:37] Warning: molecule is tagged as 2D, but at least one Z coordinate is not zero. Marking the mol as 3D.
[01:43:37] WARNING: More than one matching pattern found - picking one

[01:43:37] Warning: molecule is tagged as 2D, but at least one Z coordinate is not zero. Marking the mol as 3D.
[01:43:37] WARNING: More than one matching pattern found - picking one

[01:43:37] Warning: molecule is tagged as 2D, but at least one Z coordinate is not zero. Marking the mol as 3D.
[01:43:37] WARNING: More than one matching pattern found - picking one

[01:43:37] Warning: molecule is tagged as 2D, but at least one Z coordinate is not zero. Marking the mol as 3D.
[01:43:37] WARNING: More than one matching pattern found - picking one

[01:43:37] Warning: molecule is tagged as 2D, but at least one Z coordinate is not zero. Marking the mol as 3D.
[01:43:37] WARNING: More than one matching pattern found - picking one

[01:43:37] Warning: molecule is tagged as 2D, but at least one Z coordinate is not zero. Marking the mol as 3D.
[01:43:37] WARNING: More than one matching pattern found - picking one

[01:43:37] Warning: molecule is tagged as 2D, but at least one Z coordinate is not zero. Marking the mol as 3D.
[01:43:37] WARNING: More than one matching pattern found - picking one

[01:43:37] Warning: molecule is tagged as 2D, but at least one Z coordinate is not zero. Marking the mol as 3D.
[01:43:37] WARNING: More than one matching pattern found - picking one

[01:43:37] Warning: molecule is tagged as 2D, but at least one Z coordinate is not zero. Marking the mol as 3D.
[01:43:37] WARNING: More than one matching pattern found - picking one

[01:43:37] Warning: molecule is tagged as 2D, but at least one Z coordinate is not zero. Marking the mol as 3D.
[01:43:37] WARNING: More than one matching pattern found - picking one

[01:43:37] Warning: molecule is tagged as 2D, but at least one Z coordinate is not zero. Marking the mol as 3D.
[01:43:37] WARNING: More than one matching pattern found - picking one

[01:43:37] Warning: molecule is tagged as 2D, but at least one Z coordinate is not zero. Marking the mol as 3D.
[01:43:37] WARNING: More than one matching pattern found - picking one

[01:43:37] Warning: molecule is tagged as 2D, but at least one Z coordinate is not zero. Marking the mol as 3D.
[01:43:37] WARNING: More than one matching pattern found - picking one

[01:43:37] Warning: molecule is tagged as 2D, but at least one Z coordinate is not zero. Marking the mol as 3D.
[01:43:37] WARNING: More than one matching pattern found - picking one

[01:43:37] Warning: molecule is tagged as 2D, but at least one Z coordinate is not zero. Marking the mol as 3D.
[01:43:37] WARNING: More than one matching pattern found - picking one

[01:43:37] Warning: molecule is tagged as 2D, but at least one Z coordinate is not zero. Marking the mol as 3D.
[01:43:37] WARNING: More than one matching pattern found - picking one

[01:43:37] Warning: molecule is tagged as 2D, but at least one Z coordinate is not zero. Marking the mol as 3D.
[01:43:37] WARNING: More than one matching pattern found - picking one

[01:43:37] Warning: molecule is tagged as 2D, but at least one Z coordinate is not zero. Marking the mol as 3D.
[01:43:37] WARNING: More than one matching pattern found - picking one

[01:43:37] Warning: molecule is tagged as 2D, but at least one Z coordinate is not zero. Marking the mol as 3D.
[01:43:37] WARNING: More than one matching pattern found - picking one

[01:43:37] Warning: molecule is tagged as 2D, but at least one Z coordinate is not zero. Marking the mol as 3D.
[01:43:37] WARNING: More than one matching pattern found - picking one

[01:43:37] Warning: molecule is tagged as 2D, but at least one Z coordinate is not zero. Marking the mol as 3D.
[01:43:37] WARNING: More than one matching pattern found - picking one

[01:43:37] Warning: molecule is tagged as 2D, but at least one Z coordinate is not zero. Marking the mol as 3D.
[01:43:37] WARNING: More than one matching pattern found - picking one

[01:43:37] Warning: molecule is tagged as 2D, but at least one Z coordinate is not zero. Marking the mol as 3D.
[01:43:37] WARNING: More than one matching pattern found - picking one

[01:43:37] Warning: molecule is tagged as 2D, but at least one Z coordinate is not zero. Marking the mol as 3D.
[01:43:37] WARNING: More than one matching pattern found - picking one

[01:43:37] Warning: molecule is tagged as 2D, but at least one Z coordinate is not zero. Marking the mol as 3D.
[01:43:37] WARNING: More than one matching pattern found - picking one

[01:43:37] Warning: molecule is tagged as 2D, but at least one Z coordinate is not zero. Marking the mol as 3D.
[01:43:37] WARNING: More than one matching pattern found - picking one

[01:43:37] Warning: molecule is tagged as 2D, but at least one Z coordinate is not zero. Marking the mol as 3D.
[01:43:37] Warning: molecule is tagged as 2D, but at least one Z coordinate is not zero. Marking the mol as 3D.
[01:43:37] Warning: molecule is tagged as 2D, but at least one Z coordinate is not zero. Marking the mol as 3D.
[01:43:37] Warning: molecule is tagged as 2D, but at least one Z coordinate is not zero. Marking the mol as 3D.
[01:43:37] Warning: molecule is tagged as 2D, but at least one Z coordinate is not zero. Marking the mol as 3D.
[01:43:37] Warning: molecule is tagged as 2D, but at least one Z coordinate is not zero. Marking the mol as 3D.
[01:43:37] Warning: molecule is tagged as 2D, but at least one Z coordinate is not zero. Marking the mol as 3D.
[01:43:37] Warning: molecule is tagged as 2D, but at least one Z coordinate is not zero. Marking the mol as 3D.
[01:43:37] Warning: molecule is tagged as 2D, but at least one Z coordinate is not zero. Marking the mol as 3D.
[01:43:37] Warning: molecule is tagged as 2D, but at least one Z coordinate is not zero. Marking the mol as 3D.
[01:43:37] Warning: molecule is tagged as 2D, but at least one Z coordinate is not zero. Marking the mol as 3D.
[01:43:37] Warning: molecule is tagged as 2D, but at least one Z coordinate is not zero. Marking the mol as 3D.
[01:43:38] Warning: molecule is tagged as 2D, but at least one Z coordinate is not zero. Marking the mol as 3D.
[01:43:38] Warning: molecule is tagged as 2D, but at least one Z coordinate is not zero. Marking the mol as 3D.
[01:43:38] Warning: molecule is tagged as 2D, but at least one Z coordinate is not zero. Marking the mol as 3D.
[01:43:38] Warning: molecule is tagged as 2D, but at least one Z coordinate is not zero. Marking the mol as 3D.
[01:43:38] Warning: molecule is tagged as 2D, but at least one Z coordinate is not zero. Marking the mol as 3D.
[01:43:38] Warning: molecule is tagged as 2D, but at least one Z coordinate is not zero. Marking the mol as 3D.
[01:43:38] Warning: molecule is tagged as 2D, but at least one Z coordinate is not zero. Marking the mol as 3D.
[01:43:38] Warning: molecule is tagged as 2D, but at least one Z coordinate is not zero. Marking the mol as 3D.
[01:43:38] Warning: molecule is tagged as 2D, but at least one Z coordinate is not zero. Marking the mol as 3D.
[01:43:38] Warning: molecule is tagged as 2D, but at least one Z coordinate is not zero. Marking the mol as 3D.
[01:43:38] Warning: molecule is tagged as 2D, but at least one Z coordinate is not zero. Marking the mol as 3D.
[01:43:38] Warning: molecule is tagged as 2D, but at least one Z coordinate is not zero. Marking the mol as 3D.
[01:43:38] Warning: molecule is tagged as 2D, but at least one Z coordinate is not zero. Marking the mol as 3D.
[01:43:38] Warning: molecule is tagged as 2D, but at least one Z coordinate is not zero. Marking the mol as 3D.
[01:43:38] Warning: molecule is tagged as 2D, but at least one Z coordinate is not zero. Marking the mol as 3D.
[01:43:38] Warning: molecule is tagged as 2D, but at least one Z coordinate is not zero. Marking the mol as 3D.
[01:43:38] Warning: molecule is tagged as 2D, but at least one Z coordinate is not zero. Marking the mol as 3D.
[01:43:38] Warning: molecule is tagged as 2D, but at least one Z coordinate is not zero. Marking the mol as 3D.
[01:43:38] Warning: molecule is tagged as 2D, but at least one Z coordinate is not zero. Marking the mol as 3D.
[01:43:38] WARNING: More than one matching pattern found - picking one

[01:43:38] Warning: molecule is tagged as 2D, but at least one Z coordinate is not zero. Marking the mol as 3D.
[01:43:38] WARNING: More than one matching pattern found - picking one

[01:43:38] Warning: molecule is tagged as 2D, but at least one Z coordinate is not zero. Marking the mol as 3D.
[01:43:38] WARNING: More than one matching pattern found - picking one

[01:43:38] Warning: molecule is tagged as 2D, but at least one Z coordinate is not zero. Marking the mol as 3D.
[01:43:38] WARNING: More than one matching pattern found - picking one

[01:43:38] Warning: molecule is tagged as 2D, but at least one Z coordinate is not zero. Marking the mol as 3D.
[01:43:38] WARNING: More than one matching pattern found - picking one

[01:43:38] Warning: molecule is tagged as 2D, but at least one Z coordinate is not zero. Marking the mol as 3D.
[01:43:38] WARNING: More than one matching pattern found - picking one

[01:43:38] Warning: molecule is tagged as 2D, but at least one Z coordinate is not zero. Marking the mol as 3D.
[01:43:38] WARNING: More than one matching pattern found - picking one

[01:43:38] Warning: molecule is tagged as 2D, but at least one Z coordinate is not zero. Marking the mol as 3D.
[01:43:38] WARNING: More than one matching pattern found - picking one

[01:43:38] Warning: molecule is tagged as 2D, but at least one Z coordinate is not zero. Marking the mol as 3D.
[01:43:38] WARNING: More than one matching pattern found - picking one

[01:43:38] Warning: molecule is tagged as 2D, but at least one Z coordinate is not zero. Marking the mol as 3D.
[01:43:38] WARNING: More than one matching pattern found - picking one

[01:43:38] Warning: molecule is tagged as 2D, but at least one Z coordinate is not zero. Marking the mol as 3D.
[01:43:38] WARNING: More than one matching pattern found - picking one

[01:43:38] Warning: molecule is tagged as 2D, but at least one Z coordinate is not zero. Marking the mol as 3D.
[01:43:38] WARNING: More than one matching pattern found - picking one

[01:43:38] Warning: molecule is tagged as 2D, but at least one Z coordinate is not zero. Marking the mol as 3D.
[01:43:38] WARNING: More than one matching pattern found - picking one

[01:43:38] Warning: molecule is tagged as 2D, but at least one Z coordinate is not zero. Marking the mol as 3D.
[01:43:38] WARNING: More than one matching pattern found - picking one

[01:43:38] Warning: molecule is tagged as 2D, but at least one Z coordinate is not zero. Marking the mol as 3D.
[01:43:38] WARNING: More than one matching pattern found - picking one

[01:43:38] Warning: molecule is tagged as 2D, but at least one Z coordinate is not zero. Marking the mol as 3D.
[01:43:38] WARNING: More than one matching pattern found - picking one

[01:43:38] Warning: molecule is tagged as 2D, but at least one Z coordinate is not zero. Marking the mol as 3D.
[01:43:38] WARNING: More than one matching pattern found - picking one

[01:43:38] Warning: molecule is tagged as 2D, but at least one Z coordinate is not zero. Marking the mol as 3D.
[01:43:38] WARNING: More than one matching pattern found - picking one

[01:43:38] Warning: molecule is tagged as 2D, but at least one Z coordinate is not zero. Marking the mol as 3D.
[01:43:38] WARNING: More than one matching pattern found - picking one

[01:43:38] Warning: molecule is tagged as 2D, but at least one Z coordinate is not zero. Marking the mol as 3D.
[01:43:38] WARNING: More than one matching pattern found - picking one

[01:43:38] Warning: molecule is tagged as 2D, but at least one Z coordinate is not zero. Marking the mol as 3D.
[01:43:39] WARNING: More than one matching pattern found - picking one

[01:43:39] Warning: molecule is tagged as 2D, but at least one Z coordinate is not zero. Marking the mol as 3D.
[01:43:39] WARNING: More than one matching pattern found - picking one

[01:43:39] Warning: molecule is tagged as 2D, but at least one Z coordinate is not zero. Marking the mol as 3D.
[01:43:39] WARNING: More than one matching pattern found - picking one

[01:43:39] Warning: molecule is tagged as 2D, but at least one Z coordinate is not zero. Marking the mol as 3D.
[01:43:39] WARNING: More than one matching pattern found - picking one

[01:43:39] Warning: molecule is tagged as 2D, but at least one Z coordinate is not zero. Marking the mol as 3D.
[01:43:39] WARNING: More than one matching pattern found - picking one

[01:43:39] Warning: molecule is tagged as 2D, but at least one Z coordinate is not zero. Marking the mol as 3D.
[01:43:39] WARNING: More than one matching pattern found - picking one

[01:43:39] Warning: molecule is tagged as 2D, but at least one Z coordinate is not zero. Marking the mol as 3D.
[01:43:39] WARNING: More than one matching pattern found - picking one

[01:43:39] Warning: molecule is tagged as 2D, but at least one Z coordinate is not zero. Marking the mol as 3D.
[01:43:39] WARNING: More than one matching pattern found - picking one

[01:43:39] Warning: molecule is tagged as 2D, but at least one Z coordinate is not zero. Marking the mol as 3D.
[01:43:39] WARNING: More than one matching pattern found - picking one

[01:43:39] Warning: molecule is tagged as 2D, but at least one Z coordinate is not zero. Marking the mol as 3D.
[01:43:39] WARNING: More than one matching pattern found - picking one

[01:43:39] Warning: molecule is tagged as 2D, but at least one Z coordinate is not zero. Marking the mol as 3D.
[01:43:39] WARNING: More than one matching pattern found - picking one

[01:43:39] Warning: molecule is tagged as 2D, but at least one Z coordinate is not zero. Marking the mol as 3D.
[01:43:39] WARNING: More than one matching pattern found - picking one

[01:43:39] Warning: molecule is tagged as 2D, but at least one Z coordinate is not zero. Marking the mol as 3D.
[01:43:39] WARNING: More than one matching pattern found - picking one

[01:43:39] Warning: molecule is tagged as 2D, but at least one Z coordinate is not zero. Marking the mol as 3D.
[01:43:39] WARNING: More than one matching pattern found - picking one

[01:43:39] Warning: molecule is tagged as 2D, but at least one Z coordinate is not zero. Marking the mol as 3D.
[01:43:39] WARNING: More than one matching pattern found - picking one

[01:43:39] Warning: molecule is tagged as 2D, but at least one Z coordinate is not zero. Marking the mol as 3D.
[01:43:39] WARNING: More than one matching pattern found - picking one

[01:43:39] Warning: molecule is tagged as 2D, but at least one Z coordinate is not zero. Marking the mol as 3D.
[01:43:39] WARNING: More than one matching pattern found - picking one

[01:43:39] Warning: molecule is tagged as 2D, but at least one Z coordinate is not zero. Marking the mol as 3D.
[01:43:39] WARNING: More than one matching pattern found - picking one

[01:43:39] Warning: molecule is tagged as 2D, but at least one Z coordinate is not zero. Marking the mol as 3D.
[01:43:39] WARNING: More than one matching pattern found - picking one

[01:43:39] Warning: molecule is tagged as 2D, but at least one Z coordinate is not zero. Marking the mol as 3D.
[01:43:39] WARNING: More than one matching pattern found - picking one

[01:43:39] Warning: molecule is tagged as 2D, but at least one Z coordinate is not zero. Marking the mol as 3D.
[01:43:39] WARNING: More than one matching pattern found - picking one

[01:43:39] Warning: molecule is tagged as 2D, but at least one Z coordinate is not zero. Marking the mol as 3D.
[01:43:39] WARNING: More than one matching pattern found - picking one

[01:43:39] Warning: molecule is tagged as 2D, but at least one Z coordinate is not zero. Marking the mol as 3D.
[01:43:39] WARNING: More than one matching pattern found - picking one

[01:43:39] Warning: molecule is tagged as 2D, but at least one Z coordinate is not zero. Marking the mol as 3D.
[01:43:39] WARNING: More than one matching pattern found - picking one

[01:43:39] Warning: molecule is tagged as 2D, but at least one Z coordinate is not zero. Marking the mol as 3D.
[01:43:39] WARNING: More than one matching pattern found - picking one

[01:43:39] Warning: molecule is tagged as 2D, but at least one Z coordinate is not zero. Marking the mol as 3D.
[01:43:39] WARNING: More than one matching pattern found - picking one

[01:43:39] Warning: molecule is tagged as 2D, but at least one Z coordinate is not zero. Marking the mol as 3D.
[01:43:39] WARNING: More than one matching pattern found - picking one

[01:43:39] Warning: molecule is tagged as 2D, but at least one Z coordinate is not zero. Marking the mol as 3D.
[01:43:39] WARNING: More than one matching pattern found - picking one

[01:43:39] Warning: molecule is tagged as 2D, but at least one Z coordinate is not zero. Marking the mol as 3D.
[01:43:39] WARNING: More than one matching pattern found - picking one

[01:43:39] Warning: molecule is tagged as 2D, but at least one Z coordinate is not zero. Marking the mol as 3D.
[01:43:39] WARNING: More than one matching pattern found - picking one

[01:43:39] Warning: molecule is tagged as 2D, but at least one Z coordinate is not zero. Marking the mol as 3D.
[01:43:39] WARNING: More than one matching pattern found - picking one

[01:43:39] Warning: molecule is tagged as 2D, but at least one Z coordinate is not zero. Marking the mol as 3D.
[01:43:39] WARNING: More than one matching pattern found - picking one

[01:43:39] Warning: molecule is tagged as 2D, but at least one Z coordinate is not zero. Marking the mol as 3D.
[01:43:39] WARNING: More than one matching pattern found - picking one

[01:43:39] Warning: molecule is tagged as 2D, but at least one Z coordinate is not zero. Marking the mol as 3D.
[01:43:39] WARNING: More than one matching pattern found - picking one

[01:43:39] Warning: molecule is tagged as 2D, but at least one Z coordinate is not zero. Marking the mol as 3D.
[01:43:39] WARNING: More than one matching pattern found - picking one

[01:43:39] Warning: molecule is tagged as 2D, but at least one Z coordinate is not zero. Marking the mol as 3D.
[01:43:39] WARNING: More than one matching pattern found - picking one

[01:43:39] Warning: molecule is tagged as 2D, but at least one Z coordinate is not zero. Marking the mol as 3D.
[01:43:39] WARNING: More than one matching pattern found - picking one

[01:43:39] Warning: molecule is tagged as 2D, but at least one Z coordinate is not zero. Marking the mol as 3D.
[01:43:40] WARNING: More than one matching pattern found - picking one

[01:43:40] Warning: molecule is tagged as 2D, but at least one Z coordinate is not zero. Marking the mol as 3D.
[01:43:40] WARNING: More than one matching pattern found - picking one

[01:43:40] Warning: molecule is tagged as 2D, but at least one Z coordinate is not zero. Marking the mol as 3D.
[01:43:40] WARNING: More than one matching pattern found - picking one

[01:43:40] Warning: molecule is tagged as 2D, but at least one Z coordinate is not zero. Marking the mol as 3D.
[01:43:40] WARNING: More than one matching pattern found - picking one

[01:43:40] Warning: molecule is tagged as 2D, but at least one Z coordinate is not zero. Marking the mol as 3D.
[01:43:40] WARNING: More than one matching pattern found - picking one

[01:43:40] Warning: molecule is tagged as 2D, but at least one Z coordinate is not zero. Marking the mol as 3D.
[01:43:40] WARNING: More than one matching pattern found - picking one

[01:43:40] Warning: molecule is tagged as 2D, but at least one Z coordinate is not zero. Marking the mol as 3D.
[01:43:40] WARNING: More than one matching pattern found - picking one

[01:43:40] Warning: molecule is tagged as 2D, but at least one Z coordinate is not zero. Marking the mol as 3D.
[01:43:40] WARNING: More than one matching pattern found - picking one

[01:43:40] Warning: molecule is tagged as 2D, but at least one Z coordinate is not zero. Marking the mol as 3D.
[01:43:40] WARNING: More than one matching pattern found - picking one

[01:43:40] Warning: molecule is tagged as 2D, but at least one Z coordinate is not zero. Marking the mol as 3D.
[01:43:40] WARNING: More than one matching pattern found - picking one

[01:43:40] Warning: molecule is tagged as 2D, but at least one Z coordinate is not zero. Marking the mol as 3D.
[01:43:40] WARNING: More than one matching pattern found - picking one

[01:43:40] Warning: molecule is tagged as 2D, but at least one Z coordinate is not zero. Marking the mol as 3D.
[01:43:40] WARNING: More than one matching pattern found - picking one

[01:43:40] Warning: molecule is tagged as 2D, but at least one Z coordinate is not zero. Marking the mol as 3D.
[01:43:40] WARNING: More than one matching pattern found - picking one

[01:43:40] Warning: molecule is tagged as 2D, but at least one Z coordinate is not zero. Marking the mol as 3D.
[01:43:40] WARNING: More than one matching pattern found - picking one

[01:43:40] Warning: molecule is tagged as 2D, but at least one Z coordinate is not zero. Marking the mol as 3D.
[01:43:40] WARNING: More than one matching pattern found - picking one

[01:43:40] Warning: molecule is tagged as 2D, but at least one Z coordinate is not zero. Marking the mol as 3D.
[01:43:40] WARNING: More than one matching pattern found - picking one

[01:43:40] Warning: molecule is tagged as 2D, but at least one Z coordinate is not zero. Marking the mol as 3D.
[01:43:40] WARNING: More than one matching pattern found - picking one

[01:43:40] Warning: molecule is tagged as 2D, but at least one Z coordinate is not zero. Marking the mol as 3D.
[01:43:40] WARNING: More than one matching pattern found - picking one

[01:43:40] Warning: molecule is tagged as 2D, but at least one Z coordinate is not zero. Marking the mol as 3D.
[01:43:40] WARNING: More than one matching pattern found - picking one

[01:43:40] Warning: molecule is tagged as 2D, but at least one Z coordinate is not zero. Marking the mol as 3D.
[01:43:40] WARNING: More than one matching pattern found - picking one

[01:43:40] Warning: molecule is tagged as 2D, but at least one Z coordinate is not zero. Marking the mol as 3D.
[01:43:40] WARNING: More than one matching pattern found - picking one

[01:43:40] Warning: molecule is tagged as 2D, but at least one Z coordinate is not zero. Marking the mol as 3D.
[01:43:40] WARNING: More than one matching pattern found - picking one

[01:43:40] Warning: molecule is tagged as 2D, but at least one Z coordinate is not zero. Marking the mol as 3D.
[01:43:40] WARNING: More than one matching pattern found - picking one

[01:43:40] Warning: molecule is tagged as 2D, but at least one Z coordinate is not zero. Marking the mol as 3D.
[01:43:40] WARNING: More than one matching pattern found - picking one

[01:43:40] Warning: molecule is tagged as 2D, but at least one Z coordinate is not zero. Marking the mol as 3D.
[01:43:40] WARNING: More than one matching pattern found - picking one

[01:43:40] Warning: molecule is tagged as 2D, but at least one Z coordinate is not zero. Marking the mol as 3D.
[01:43:40] WARNING: More than one matching pattern found - picking one

[01:43:40] Warning: molecule is tagged as 2D, but at least one Z coordinate is not zero. Marking the mol as 3D.
[01:43:40] WARNING: More than one matching pattern found - picking one

[01:43:40] Warning: molecule is tagged as 2D, but at least one Z coordinate is not zero. Marking the mol as 3D.
[01:43:40] WARNING: More than one matching pattern found - picking one

[01:43:40] Warning: molecule is tagged as 2D, but at least one Z coordinate is not zero. Marking the mol as 3D.
[01:43:40] WARNING: More than one matching pattern found - picking one

[01:43:40] Warning: molecule is tagged as 2D, but at least one Z coordinate is not zero. Marking the mol as 3D.
[01:43:40] WARNING: More than one matching pattern found - picking one

[01:43:40] Warning: molecule is tagged as 2D, but at least one Z coordinate is not zero. Marking the mol as 3D.
[01:43:40] WARNING: More than one matching pattern found - picking one

[01:43:40] Warning: molecule is tagged as 2D, but at least one Z coordinate is not zero. Marking the mol as 3D.
[01:43:40] WARNING: More than one matching pattern found - picking one

[01:43:40] Warning: molecule is tagged as 2D, but at least one Z coordinate is not zero. Marking the mol as 3D.
[01:43:40] WARNING: More than one matching pattern found - picking one

[01:43:40] Warning: molecule is tagged as 2D, but at least one Z coordinate is not zero. Marking the mol as 3D.
[01:43:40] WARNING: More than one matching pattern found - picking one

[01:43:40] Warning: molecule is tagged as 2D, but at least one Z coordinate is not zero. Marking the mol as 3D.
[01:43:40] WARNING: More than one matching pattern found - picking one

[01:43:40] Warning: molecule is tagged as 2D, but at least one Z coordinate is not zero. Marking the mol as 3D.
[01:43:40] WARNING: More than one matching pattern found - picking one

[01:43:40] Warning: molecule is tagged as 2D, but at least one Z coordinate is not zero. Marking the mol as 3D.
[01:43:40] WARNING: More than one matching pattern found - picking one

[01:43:40] Warning: molecule is tagged as 2D, but at least one Z coordinate is not zero. Marking the mol as 3D.
[01:43:40] WARNING: More than one matching pattern found - picking one

[01:43:40] Warning: molecule is tagged as 2D, but at least one Z coordinate is not zero. Marking the mol as 3D.
[01:43:40] WARNING: More than one matching pattern found - picking one

[01:43:40] Warning: molecule is tagged as 2D, but at least one Z coordinate is not zero. Marking the mol as 3D.
[01:43:40] WARNING: More than one matching pattern found - picking one

[01:43:40] Warning: molecule is tagged as 2D, but at least one Z coordinate is not zero. Marking the mol as 3D.
[01:43:40] WARNING: More than one matching pattern found - picking one

[01:43:40] Warning: molecule is tagged as 2D, but at least one Z coordinate is not zero. Marking the mol as 3D.
[01:43:40] WARNING: More than one matching pattern found - picking one

[01:43:40] Warning: molecule is tagged as 2D, but at least one Z coordinate is not zero. Marking the mol as 3D.
[01:43:41] WARNING: More than one matching pattern found - picking one

[01:43:41] Warning: molecule is tagged as 2D, but at least one Z coordinate is not zero. Marking the mol as 3D.
[01:43:41] WARNING: More than one matching pattern found - picking one

[01:43:41] Warning: molecule is tagged as 2D, but at least one Z coordinate is not zero. Marking the mol as 3D.
[01:43:41] WARNING: More than one matching pattern found - picking one

[01:43:41] Warning: molecule is tagged as 2D, but at least one Z coordinate is not zero. Marking the mol as 3D.
[01:43:41] WARNING: More than one matching pattern found - picking one

[01:43:41] Warning: molecule is tagged as 2D, but at least one Z coordinate is not zero. Marking the mol as 3D.
[01:43:41] WARNING: More than one matching pattern found - picking one

[01:43:41] Warning: molecule is tagged as 2D, but at least one Z coordinate is not zero. Marking the mol as 3D.
[01:43:41] WARNING: More than one matching pattern found - picking one

[01:43:41] Warning: molecule is tagged as 2D, but at least one Z coordinate is not zero. Marking the mol as 3D.
[01:43:41] WARNING: More than one matching pattern found - picking one

[01:43:41] Warning: molecule is tagged as 2D, but at least one Z coordinate is not zero. Marking the mol as 3D.
[01:43:41] WARNING: More than one matching pattern found - picking one

[01:43:41] Warning: molecule is tagged as 2D, but at least one Z coordinate is not zero. Marking the mol as 3D.
[01:43:41] WARNING: More than one matching pattern found - picking one

[01:43:41] Warning: molecule is tagged as 2D, but at least one Z coordinate is not zero. Marking the mol as 3D.
[01:43:41] WARNING: More than one matching pattern found - picking one

[01:43:41] Warning: molecule is tagged as 2D, but at least one Z coordinate is not zero. Marking the mol as 3D.
[01:43:41] WARNING: More than one matching pattern found - picking one

[01:43:41] Warning: molecule is tagged as 2D, but at least one Z coordinate is not zero. Marking the mol as 3D.
[01:43:41] WARNING: More than one matching pattern found - picking one

[01:43:41] Warning: molecule is tagged as 2D, but at least one Z coordinate is not zero. Marking the mol as 3D.
[01:43:41] WARNING: More than one matching pattern found - picking one

[01:43:41] Warning: molecule is tagged as 2D, but at least one Z coordinate is not zero. Marking the mol as 3D.
[01:43:41] WARNING: More than one matching pattern found - picking one

[01:43:41] Warning: molecule is tagged as 2D, but at least one Z coordinate is not zero. Marking the mol as 3D.
[01:43:41] WARNING: More than one matching pattern found - picking one

[01:43:41] Warning: molecule is tagged as 2D, but at least one Z coordinate is not zero. Marking the mol as 3D.
[01:43:41] WARNING: More than one matching pattern found - picking one

[01:43:41] Warning: molecule is tagged as 2D, but at least one Z coordinate is not zero. Marking the mol as 3D.
[01:43:41] WARNING: More than one matching pattern found - picking one

[01:43:41] Warning: molecule is tagged as 2D, but at least one Z coordinate is not zero. Marking the mol as 3D.
[01:43:41] WARNING: More than one matching pattern found - picking one

[01:43:41] Warning: molecule is tagged as 2D, but at least one Z coordinate is not zero. Marking the mol as 3D.
[01:43:41] WARNING: More than one matching pattern found - picking one

[01:43:41] Warning: molecule is tagged as 2D, but at least one Z coordinate is not zero. Marking the mol as 3D.
[01:43:41] WARNING: More than one matching pattern found - picking one

[01:43:41] Warning: molecule is tagged as 2D, but at least one Z coordinate is not zero. Marking the mol as 3D.
[01:43:41] WARNING: More than one matching pattern found - picking one

[01:43:41] Warning: molecule is tagged as 2D, but at least one Z coordinate is not zero. Marking the mol as 3D.
[01:43:41] WARNING: More than one matching pattern found - picking one

[01:43:41] Warning: molecule is tagged as 2D, but at least one Z coordinate is not zero. Marking the mol as 3D.
[01:43:41] WARNING: More than one matching pattern found - picking one

[01:43:41] Warning: molecule is tagged as 2D, but at least one Z coordinate is not zero. Marking the mol as 3D.
[01:43:41] WARNING: More than one matching pattern found - picking one

[01:43:41] Warning: molecule is tagged as 2D, but at least one Z coordinate is not zero. Marking the mol as 3D.
[01:43:41] WARNING: More than one matching pattern found - picking one

[01:43:41] Warning: molecule is tagged as 2D, but at least one Z coordinate is not zero. Marking the mol as 3D.
[01:43:41] WARNING: More than one matching pattern found - picking one

[01:43:41] Warning: molecule is tagged as 2D, but at least one Z coordinate is not zero. Marking the mol as 3D.
[01:43:41] WARNING: More than one matching pattern found - picking one

[01:43:41] Warning: molecule is tagged as 2D, but at least one Z coordinate is not zero. Marking the mol as 3D.
[01:43:41] WARNING: More than one matching pattern found - picking one

[01:43:41] Warning: molecule is tagged as 2D, but at least one Z coordinate is not zero. Marking the mol as 3D.
[01:43:41] WARNING: More than one matching pattern found - picking one

[01:43:41] Warning: molecule is tagged as 2D, but at least one Z coordinate is not zero. Marking the mol as 3D.
[01:43:41] WARNING: More than one matching pattern found - picking one

[01:43:41] Warning: molecule is tagged as 2D, but at least one Z coordinate is not zero. Marking the mol as 3D.
[01:43:41] WARNING: More than one matching pattern found - picking one

[01:43:41] Warning: molecule is tagged as 2D, but at least one Z coordinate is not zero. Marking the mol as 3D.
[01:43:41] WARNING: More than one matching pattern found - picking one

[01:43:41] Warning: molecule is tagged as 2D, but at least one Z coordinate is not zero. Marking the mol as 3D.
[01:43:41] WARNING: More than one matching pattern found - picking one

[01:43:42] Warning: molecule is tagged as 2D, but at least one Z coordinate is not zero. Marking the mol as 3D.
[01:43:42] WARNING: More than one matching pattern found - picking one

[01:43:42] Warning: molecule is tagged as 2D, but at least one Z coordinate is not zero. Marking the mol as 3D.
[01:43:42] WARNING: More than one matching pattern found - picking one

[01:43:42] Warning: molecule is tagged as 2D, but at least one Z coordinate is not zero. Marking the mol as 3D.
[01:43:42] WARNING: More than one matching pattern found - picking one

[01:43:42] Warning: molecule is tagged as 2D, but at least one Z coordinate is not zero. Marking the mol as 3D.
[01:43:42] WARNING: More than one matching pattern found - picking one

[01:43:42] Warning: molecule is tagged as 2D, but at least one Z coordinate is not zero. Marking the mol as 3D.
[01:43:42] WARNING: More than one matching pattern found - picking one

[01:43:42] Warning: molecule is tagged as 2D, but at least one Z coordinate is not zero. Marking the mol as 3D.
[01:43:42] WARNING: More than one matching pattern found - picking one

[01:43:42] Warning: molecule is tagged as 2D, but at least one Z coordinate is not zero. Marking the mol as 3D.
[01:43:42] WARNING: More than one matching pattern found - picking one

[01:43:42] Warning: molecule is tagged as 2D, but at least one Z coordinate is not zero. Marking the mol as 3D.
[01:43:42] WARNING: More than one matching pattern found - picking one

[01:43:42] Warning: molecule is tagged as 2D, but at least one Z coordinate is not zero. Marking the mol as 3D.
[01:43:42] WARNING: More than one matching pattern found - picking one

[01:43:42] Warning: molecule is tagged as 2D, but at least one Z coordinate is not zero. Marking the mol as 3D.
[01:43:42] WARNING: More than one matching pattern found - picking one

[01:43:42] Warning: molecule is tagged as 2D, but at least one Z coordinate is not zero. Marking the mol as 3D.
[01:43:42] WARNING: More than one matching pattern found - picking one

[01:43:42] Warning: molecule is tagged as 2D, but at least one Z coordinate is not zero. Marking the mol as 3D.
[01:43:42] WARNING: More than one matching pattern found - picking one

[01:43:42] Warning: molecule is tagged as 2D, but at least one Z coordinate is not zero. Marking the mol as 3D.
[01:43:42] WARNING: More than one matching pattern found - picking one

[01:43:42] Warning: molecule is tagged as 2D, but at least one Z coordinate is not zero. Marking the mol as 3D.
[01:43:42] WARNING: More than one matching pattern found - picking one

[01:43:42] Warning: molecule is tagged as 2D, but at least one Z coordinate is not zero. Marking the mol as 3D.
[01:43:42] WARNING: More than one matching pattern found - picking one

[01:43:42] Warning: molecule is tagged as 2D, but at least one Z coordinate is not zero. Marking the mol as 3D.
[01:43:42] WARNING: More than one matching pattern found - picking one

[01:43:42] Warning: molecule is tagged as 2D, but at least one Z coordinate is not zero. Marking the mol as 3D.
[01:43:42] WARNING: More than one matching pattern found - picking one

[01:43:42] Warning: molecule is tagged as 2D, but at least one Z coordinate is not zero. Marking the mol as 3D.
[01:43:42] WARNING: More than one matching pattern found - picking one

[01:43:42] Warning: molecule is tagged as 2D, but at least one Z coordinate is not zero. Marking the mol as 3D.
[01:43:42] WARNING: More than one matching pattern found - picking one

[01:43:42] Warning: molecule is tagged as 2D, but at least one Z coordinate is not zero. Marking the mol as 3D.
[01:43:42] WARNING: More than one matching pattern found - picking one

[01:43:42] Warning: molecule is tagged as 2D, but at least one Z coordinate is not zero. Marking the mol as 3D.
[01:43:42] WARNING: More than one matching pattern found - picking one

[01:43:42] Warning: molecule is tagged as 2D, but at least one Z coordinate is not zero. Marking the mol as 3D.
[01:43:42] WARNING: More than one matching pattern found - picking one

[01:43:42] Warning: molecule is tagged as 2D, but at least one Z coordinate is not zero. Marking the mol as 3D.
[01:43:42] WARNING: More than one matching pattern found - picking one

[01:43:42] Warning: molecule is tagged as 2D, but at least one Z coordinate is not zero. Marking the mol as 3D.
[01:43:42] WARNING: More than one matching pattern found - picking one

[01:43:42] Warning: molecule is tagged as 2D, but at least one Z coordinate is not zero. Marking the mol as 3D.
[01:43:42] WARNING: More than one matching pattern found - picking one

[01:43:42] Warning: molecule is tagged as 2D, but at least one Z coordinate is not zero. Marking the mol as 3D.
[01:43:42] WARNING: More than one matching pattern found - picking one

[01:43:42] Warning: molecule is tagged as 2D, but at least one Z coordinate is not zero. Marking the mol as 3D.
[01:43:42] WARNING: More than one matching pattern found - picking one

[01:43:42] Warning: molecule is tagged as 2D, but at least one Z coordinate is not zero. Marking the mol as 3D.
[01:43:42] WARNING: More than one matching pattern found - picking one


========================================================================
========================================================================
# 2026-10-01T01:38:40-07:00  exit_code: 0  wall: 307.225s  rss: 213.6MB  gpu: 0
$ /home/aoxu/miniconda3/envs/rdkit_env/bin/python analysis/casf_mutagenesis/scripts/12_analyze_docking_engines.py
--- stdout ---
[... 457290 chars of stdout truncated ...]
8/6742] unidock2 ligand 3ueu   chrg_pos_1         rmsd=  8.12 Å  matched=12
  [5579/6742] surfdock ligand 3ueu   chrg_pos_1         rmsd=  4.03 Å  matched=12
  [5580/6742] gnina    ligand 3ueu   chrg_pos_2         rmsd=  8.06 Å  matched=12
  [5581/6742] unidock2 ligand 3ueu   chrg_pos_2         rmsd=  7.89 Å  matched=12
  [5582/6742] surfdock ligand 3ueu   chrg_pos_2         rmsd=  4.36 Å  matched=12
  [5583/6742] gnina    ligand 3ueu   chrg_pos_3         rmsd=  2.14 Å  matched=12
  [5584/6742] unidock2 ligand 3ueu   chrg_pos_3         rmsd=  7.99 Å  matched=12
  [5585/6742] surfdock ligand 3ueu   chrg_pos_3         rmsd=  5.82 Å  matched=12
  [5586/6742] gnina    ligand 3ueu   wt                 rmsd=  2.16 Å  matched=14
  [5587/6742] unidock2 ligand 3ueu   wt                 rmsd=  4.12 Å  matched=14
  [5588/6742] surfdock ligand 3ueu   wt                 rmsd=  6.54 Å  matched=14
  [5589/6742] gnina    ligand 3uev   chrg_neu_ethyl     rmsd=  8.47 Å  matched=14
  [5590/6742] unidock2 ligand 3uev   chrg_neu_ethyl     rmsd=  9.21 Å  matched=14
  [5591/6742] gnina    ligand 3uev   chrg_neu_methyl    rmsd=  7.89 Å  matched=14
  [5592/6742] unidock2 ligand 3uev   chrg_neu_methyl    rmsd=  9.06 Å  matched=14
  [5593/6742] gnina    ligand 3uev   chrg_neu_propyl    rmsd=  1.94 Å  matched=14
  [5594/6742] unidock2 ligand 3uev   chrg_neu_propyl    rmsd=  9.24 Å  matched=14
  [5595/6742] gnina    ligand 3uev   chrg_pos_1         rmsd=  9.32 Å  matched=14
  [5596/6742] unidock2 ligand 3uev   chrg_pos_1         rmsd=  9.21 Å  matched=14
  [5597/6742] gnina    ligand 3uev   chrg_pos_2         rmsd=  9.15 Å  matched=14
  [5598/6742] unidock2 ligand 3uev   chrg_pos_2         rmsd=  9.57 Å  matched=14
  [5599/6742] gnina    ligand 3uev   chrg_pos_3         rmsd=  2.05 Å  matched=14
  [5600/6742] unidock2 ligand 3uev   chrg_pos_3         rmsd=  9.52 Å  matched=14
  [5601/6742] gnina    ligand 3uev   wt                 rmsd=  1.62 Å  matched=16
  [5602/6742] unidock2 ligand 3uev   wt                 rmsd=  1.34 Å  matched=16
  [5603/6742] gnina    ligand 3uew   chrg_neu_ethyl     rmsd=  9.85 Å  matched=16
  [5604/6742] unidock2 ligand 3uew   chrg_neu_ethyl     rmsd=  9.90 Å  matched=16
  [5605/6742] gnina    ligand 3uew   chrg_neu_methyl    rmsd=  4.69 Å  matched=16
  [5606/6742] unidock2 ligand 3uew   chrg_neu_methyl    rmsd= 10.97 Å  matched=16
  [5607/6742] gnina    ligand 3uew   chrg_neu_propyl    rmsd=  2.54 Å  matched=16
  [5608/6742] unidock2 ligand 3uew   chrg_neu_propyl    rmsd= 10.05 Å  matched=16
  [5609/6742] gnina    ligand 3uew   chrg_pos_1         rmsd= 11.06 Å  matched=16
  [5610/6742] unidock2 ligand 3uew   chrg_pos_1         rmsd= 10.52 Å  matched=16
  [5611/6742] gnina    ligand 3uew   chrg_pos_2         rmsd= 10.50 Å  matched=16
  [5612/6742] unidock2 ligand 3uew   chrg_pos_2         rmsd= 10.89 Å  matched=16
  [5613/6742] gnina    ligand 3uew   chrg_pos_3         rmsd=  2.68 Å  matched=16
  [5614/6742] unidock2 ligand 3uew   chrg_pos_3         rmsd= 10.11 Å  matched=16
  [5615/6742] gnina    ligand 3uew   wt                 rmsd=  1.50 Å  matched=18
  [5616/6742] unidock2 ligand 3uew   wt                 rmsd=  2.71 Å  matched=18
  [5617/6742] gnina    ligand 3ui7   halo_Br_1          rmsd=  5.45 Å  matched=24
  [5618/6742] unidock2 ligand 3ui7   halo_Br_1          rmsd=  5.47 Å  matched=24
  [5619/6742] surfdock ligand 3ui7   halo_Br_1          rmsd=  4.66 Å  matched=24
  [5620/6742] gnina    ligand 3ui7   halo_Cl_1          rmsd=  5.91 Å  matched=24
  [5621/6742] unidock2 ligand 3ui7   halo_Cl_1          rmsd=  5.18 Å  matched=24
  [5622/6742] surfdock ligand 3ui7   halo_Cl_1          rmsd=  3.52 Å  matched=24
  [5623/6742] gnina    ligand 3ui7   halo_F_1           rmsd=  1.31 Å  matched=24
  [5624/6742] unidock2 ligand 3ui7   halo_F_1           rmsd=  4.17 Å  matched=24
  [5625/6742] surfdock ligand 3ui7   halo_F_1           rmsd=  1.52 Å  matched=24
  [5626/6742] gnina    ligand 3ui7   wt                 rmsd=  1.26 Å  matched=24
  [5627/6742] unidock2 ligand 3ui7   wt                 rmsd=  1.10 Å  matched=24
  [5628/6742] surfdock ligand 3ui7   wt                 rmsd=  1.90 Å  matched=24
  [5629/6742] gnina    ligand 3uo4   halo_Br_1          rmsd=  3.07 Å  matched=29
  [5630/6742] unidock2 ligand 3uo4   halo_Br_1          rmsd=  3.37 Å  matched=29
  [5631/6742] surfdock ligand 3uo4   halo_Br_1          rmsd=  3.30 Å  matched=29
  [5632/6742] gnina    ligand 3uo4   halo_Cl_1          rmsd=  1.99 Å  matched=29
  [5633/6742] unidock2 ligand 3uo4   halo_Cl_1          rmsd=  3.37 Å  matched=29
  [5634/6742] surfdock ligand 3uo4   halo_Cl_1          rmsd=  7.70 Å  matched=29
  [5635/6742] gnina    ligand 3uo4   halo_F_1           rmsd=  1.95 Å  matched=29
  [5636/6742] unidock2 ligand 3uo4   halo_F_1           rmsd=  8.71 Å  matched=29
  [5637/6742] surfdock ligand 3uo4   halo_F_1           rmsd=  3.83 Å  matched=29
  [5638/6742] gnina    ligand 3uo4   wt                 rmsd=  0.49 Å  matched=29
  [5639/6742] unidock2 ligand 3uo4   wt                 rmsd=  1.94 Å  matched=29
  [5640/6742] surfdock ligand 3uo4   wt                 rmsd=  3.78 Å  matched=29
  [5641/6742] gnina    ligand 3up2   halo_Br_1          rmsd=  2.65 Å  matched=28
  [5642/6742] unidock2 ligand 3up2   halo_Br_1          rmsd=  1.53 Å  matched=28
  [5643/6742] surfdock ligand 3up2   halo_Br_1          rmsd=  5.49 Å  matched=28
  [5644/6742] gnina    ligand 3up2   halo_Cl_1          rmsd=  2.64 Å  matched=28
  [5645/6742] unidock2 ligand 3up2   halo_Cl_1          rmsd=  2.89 Å  matched=28
  [5646/6742] surfdock ligand 3up2   halo_Cl_1          rmsd=  4.13 Å  matched=28
  [5647/6742] gnina    ligand 3up2   halo_F_1           rmsd=  2.61 Å  matched=28
  [5648/6742] unidock2 ligand 3up2   halo_F_1           rmsd=  2.73 Å  matched=28
  [5649/6742] surfdock ligand 3up2   halo_F_1           rmsd=  5.29 Å  matched=28
  [5650/6742] gnina    ligand 3up2   wt                 rmsd=  2.63 Å  matched=28
  [5651/6742] unidock2 ligand 3up2   wt                 rmsd=  2.65 Å  matched=28
  [5652/6742] surfdock ligand 3up2   wt                 rmsd=  6.89 Å  matched=28
  [5653/6742] gnina    ligand 3utu   halo_Br_1          rmsd=  8.98 Å  matched=47
  [5654/6742] unidock2 ligand 3utu   halo_Br_1          rmsd=  5.90 Å  matched=47
  [5655/6742] surfdock ligand 3utu   halo_Br_1          rmsd=  7.06 Å  matched=47
  [5656/6742] gnina    ligand 3utu   halo_Cl_1          rmsd=  5.06 Å  matched=47
  [5657/6742] unidock2 ligand 3utu   halo_Cl_1          rmsd= 10.79 Å  matched=47
  [5658/6742] surfdock ligand 3utu   halo_Cl_1          rmsd=  7.63 Å  matched=47
  [5659/6742] gnina    ligand 3utu   halo_F_1           rmsd=  5.12 Å  matched=47
  [5660/6742] unidock2 ligand 3utu   halo_F_1           rmsd= 10.06 Å  matched=47
  [5661/6742] surfdock ligand 3utu   halo_F_1           rmsd=  3.18 Å  matched=47
  [5662/6742] gnina    ligand 3utu   wt                 rmsd=  5.45 Å  matched=47
  [5663/6742] unidock2 ligand 3utu   wt                 rmsd= 10.24 Å  matched=47
  [5664/6742] surfdock ligand 3utu   wt                 rmsd=  8.09 Å  matched=47
  [5665/6742] gnina    ligand 3uuo   halo_Br_1          rmsd=  2.45 Å  matched=25
  [5666/6742] unidock2 ligand 3uuo   halo_Br_1          rmsd=  5.93 Å  matched=23
  [5667/6742] surfdock ligand 3uuo   halo_Br_1          rmsd=  4.70 Å  matched=23
  [5668/6742] gnina    ligand 3uuo   halo_Cl_1          rmsd=  1.85 Å  matched=25
  [5669/6742] unidock2 ligand 3uuo   halo_Cl_1          rmsd=  4.41 Å  matched=23
  [5670/6742] surfdock ligand 3uuo   halo_Cl_1          rmsd=  4.24 Å  matched=23
  [5671/6742] gnina    ligand 3uuo   halo_F_1           rmsd=  1.14 Å  matched=25
  [5672/6742] unidock2 ligand 3uuo   halo_F_1           rmsd=  4.15 Å  matched=23
  [5673/6742] surfdock ligand 3uuo   halo_F_1           rmsd=  4.06 Å  matched=23
  [5674/6742] gnina    ligand 3uuo   wt                 rmsd=  1.06 Å  matched=25
  [5675/6742] unidock2 ligand 3uuo   wt                 rmsd=  0.38 Å  matched=23
  [5676/6742] surfdock ligand 3uuo   wt                 rmsd=  2.96 Å  matched=23
  [5677/6742] gnina    ligand 3wtj   halo_Br_1          rmsd= 11.41 Å  matched=16
  [5678/6742] unidock2 ligand 3wtj   halo_Br_1          rmsd= 15.09 Å  matched=16
  [5679/6742] surfdock ligand 3wtj   halo_Br_1          rmsd=  3.21 Å  matched=16
  [5680/6742] gnina    ligand 3wtj   halo_Cl_1          rmsd=  6.31 Å  matched=16
  [5681/6742] unidock2 ligand 3wtj   halo_Cl_1          rmsd=  5.73 Å  matched=16
  [5682/6742] surfdock ligand 3wtj   halo_Cl_1          rmsd=  2.38 Å  matched=16
  [5683/6742] gnina    ligand 3wtj   halo_F_1           rmsd=  0.50 Å  matched=16
  [5684/6742] unidock2 ligand 3wtj   halo_F_1           rmsd=  1.42 Å  matched=16
  [5685/6742] surfdock ligand 3wtj   halo_F_1           rmsd=  3.35 Å  matched=16
  [5686/6742] gnina    ligand 3wtj   wt                 rmsd=  6.44 Å  matched=16
  [5687/6742] unidock2 ligand 3wtj   wt                 rmsd=  1.35 Å  matched=16
  [5688/6742] surfdock ligand 3wtj   wt                 rmsd=  5.52 Å  matched=16
  [5689/6742] gnina    ligand 3wz8   halo_Br_1          rmsd=  0.98 Å  matched=33
  [5690/6742] unidock2 ligand 3wz8   halo_Br_1          rmsd=  9.58 Å  matched=33
  [5691/6742] surfdock ligand 3wz8   halo_Br_1          rmsd=  4.26 Å  matched=33
  [5692/6742] gnina    ligand 3wz8   halo_Cl_1          rmsd=  0.49 Å  matched=33
  [5693/6742] unidock2 ligand 3wz8   halo_Cl_1          rmsd=  8.19 Å  matched=33
  [5694/6742] surfdock ligand 3wz8   halo_Cl_1          rmsd=  9.05 Å  matched=33
  [5695/6742] gnina    ligand 3wz8   halo_F_1           rmsd=  1.33 Å  matched=33
  [5696/6742] unidock2 ligand 3wz8   halo_F_1           rmsd=  3.93 Å  matched=33
  [5697/6742] surfdock ligand 3wz8   halo_F_1           rmsd=  7.65 Å  matched=33
  [5698/6742] gnina    ligand 3wz8   wt                 rmsd=  2.16 Å  matched=33
  [5699/6742] unidock2 ligand 3wz8   wt                 rmsd=  5.74 Å  matched=33
  [5700/6742] surfdock ligand 3wz8   wt                 rmsd=  7.70 Å  matched=33
  [5701/6742] gnina    ligand 3zdg   wt                 rmsd=  1.35 Å  matched=13
  [5702/6742] unidock2 ligand 3zdg   wt                 rmsd=  1.02 Å  matched=13
  [5703/6742] surfdock ligand 3zdg   wt                 rmsd=  2.85 Å  matched=13
  [5704/6742] gnina    ligand 3zso   halo_Br_1          rmsd=  5.26 Å  matched=44
  [5705/6742] unidock2 ligand 3zso   halo_Br_1          rmsd=  7.82 Å  matched=44
  [5706/6742] surfdock ligand 3zso   halo_Br_1          rmsd=  5.99 Å  matched=44
  [5707/6742] gnina    ligand 3zso   halo_Cl_1          rmsd=  4.98 Å  matched=44
  [5708/6742] unidock2 ligand 3zso   halo_Cl_1          rmsd=  5.92 Å  matched=44
  [5709/6742] surfdock ligand 3zso   halo_Cl_1          rmsd=  4.57 Å  matched=44
  [5710/6742] gnina    ligand 3zso   halo_F_1           rmsd=  4.37 Å  matched=44
  [5711/6742] unidock2 ligand 3zso   halo_F_1           rmsd=  9.04 Å  matched=44
  [5712/6742] surfdock ligand 3zso   halo_F_1           rmsd=  4.31 Å  matched=44
  [5713/6742] gnina    ligand 3zso   wt                 rmsd=  1.42 Å  matched=44
  [5714/6742] unidock2 ligand 3zso   wt                 rmsd=  8.51 Å  matched=44
  [5715/6742] surfdock ligand 3zso   wt                 rmsd=  5.78 Å  matched=44
  [5716/6742] gnina    ligand 3zt2   halo_Br_1          rmsd=  0.74 Å  matched=23
  [5717/6742] unidock2 ligand 3zt2   halo_Br_1          rmsd=  0.53 Å  matched=23
  [5718/6742] surfdock ligand 3zt2   halo_Br_1          rmsd=  5.50 Å  matched=23
  [5719/6742] gnina    ligand 3zt2   halo_Cl_1          rmsd=  0.42 Å  matched=23
  [5720/6742] unidock2 ligand 3zt2   halo_Cl_1          rmsd=  0.43 Å  matched=23
  [5721/6742] surfdock ligand 3zt2   halo_Cl_1          rmsd=  5.42 Å  matched=23
  [5722/6742] gnina    ligand 3zt2   halo_F_1           rmsd=  0.43 Å  matched=23
  [5723/6742] unidock2 ligand 3zt2   halo_F_1           rmsd=  0.46 Å  matched=23
  [5724/6742] surfdock ligand 3zt2   halo_F_1           rmsd=  5.26 Å  matched=23
  [5725/6742] gnina    ligand 3zt2   wt                 rmsd=  0.42 Å  matched=23
  [5726/6742] unidock2 ligand 3zt2   wt                 rmsd=  0.44 Å  matched=23
  [5727/6742] surfdock ligand 3zt2   wt                 rmsd=  3.13 Å  matched=23
  [5728/6742] gnina    ligand 4agn   halo_Br_1          rmsd=  2.86 Å  matched=24
  [5729/6742] unidock2 ligand 4agn   halo_Br_1          rmsd=  5.09 Å  matched=24
  [5730/6742] surfdock ligand 4agn   halo_Br_1          rmsd=  5.30 Å  matched=24
  [5731/6742] gnina    ligand 4agn   halo_Cl_1          rmsd=  2.35 Å  matched=24
  [5732/6742] unidock2 ligand 4agn   halo_Cl_1          rmsd=  4.73 Å  matched=24
  [5733/6742] surfdock ligand 4agn   halo_Cl_1          rmsd=  3.73 Å  matched=24
  [5734/6742] gnina    ligand 4agn   halo_F_1           rmsd=  1.85 Å  matched=24
  [5735/6742] unidock2 ligand 4agn   halo_F_1           rmsd=  4.13 Å  matched=24
  [5736/6742] surfdock ligand 4agn   halo_F_1           rmsd=  5.40 Å  matched=24
  [5737/6742] gnina    ligand 4agn   meth_1             rmsd=  1.83 Å  matched=24
  [5738/6742] unidock2 ligand 4agn   meth_1             rmsd=  1.73 Å  matched=24
  [5739/6742] surfdock ligand 4agn   meth_1             rmsd=  6.81 Å  matched=24
  [5740/6742] gnina    ligand 4agn   wt                 rmsd=  1.29 Å  matched=24
  [5741/6742] unidock2 ligand 4agn   wt                 rmsd=  4.41 Å  matched=24
  [5742/6742] surfdock ligand 4agn   wt                 rmsd=  6.64 Å  matched=24
  [5743/6742] gnina    ligand 4agp   halo_Br_1          rmsd=  1.72 Å  matched=30
  [5744/6742] unidock2 ligand 4agp   halo_Br_1          rmsd=  2.39 Å  matched=30
  [5745/6742] surfdock ligand 4agp   halo_Br_1          rmsd=  7.36 Å  matched=30
  [5746/6742] gnina    ligand 4agp   halo_Cl_1          rmsd=  1.73 Å  matched=30
  [5747/6742] unidock2 ligand 4agp   halo_Cl_1          rmsd=  4.52 Å  matched=30
  [5748/6742] surfdock ligand 4agp   halo_Cl_1          rmsd=  6.87 Å  matched=30
  [5749/6742] gnina    ligand 4agp   halo_F_1           rmsd=  1.52 Å  matched=30
  [5750/6742] unidock2 ligand 4agp   halo_F_1           rmsd= 11.71 Å  matched=30
  [5751/6742] surfdock ligand 4agp   halo_F_1           rmsd=  8.02 Å  matched=30
  [5752/6742] gnina    ligand 4agp   wt                 rmsd=  1.96 Å  matched=30
  [5753/6742] unidock2 ligand 4agp   wt                 rmsd=  6.68 Å  matched=30
  [5754/6742] surfdock ligand 4agp   wt                 rmsd= 11.14 Å  matched=30
  [5755/6742] gnina    ligand 4agq   halo_Br_1          rmsd=  2.07 Å  matched=30
  [5756/6742] unidock2 ligand 4agq   halo_Br_1          rmsd=  2.40 Å  matched=30
  [5757/6742] surfdock ligand 4agq   halo_Br_1          rmsd=  3.95 Å  matched=30
  [5758/6742] gnina    ligand 4agq   halo_Cl_1          rmsd=  2.26 Å  matched=30
  [5759/6742] unidock2 ligand 4agq   halo_Cl_1          rmsd=  2.48 Å  matched=30
  [5760/6742] surfdock ligand 4agq   halo_Cl_1          rmsd=  7.35 Å  matched=30
  [5761/6742] gnina    ligand 4agq   halo_F_1           rmsd=  2.07 Å  matched=30
  [5762/6742] unidock2 ligand 4agq   halo_F_1           rmsd=  2.71 Å  matched=30
  [5763/6742] surfdock ligand 4agq   halo_F_1           rmsd=  9.49 Å  matched=30
  [5764/6742] gnina    ligand 4agq   wt                 rmsd=  1.82 Å  matched=30
  [5765/6742] unidock2 ligand 4agq   wt                 rmsd=  4.28 Å  matched=30
  [5766/6742] surfdock ligand 4agq   wt                 rmsd=  6.99 Å  matched=30
  [5767/6742] gnina    ligand 4bkt   halo_Br_1          rmsd=  1.80 Å  matched=19
  [5768/6742] unidock2 ligand 4bkt   halo_Br_1          rmsd=  6.60 Å  matched=19
  [5769/6742] surfdock ligand 4bkt   halo_Br_1          rmsd=  5.59 Å  matched=19
  [5770/6742] gnina    ligand 4bkt   halo_Cl_1          rmsd=  1.78 Å  matched=19
  [5771/6742] unidock2 ligand 4bkt   halo_Cl_1          rmsd= 11.90 Å  matched=19
  [5772/6742] surfdock ligand 4bkt   halo_Cl_1          rmsd=  5.80 Å  matched=19
  [5773/6742] gnina    ligand 4bkt   halo_F_1           rmsd=  1.78 Å  matched=19
  [5774/6742] unidock2 ligand 4bkt   halo_F_1           rmsd=  2.52 Å  matched=19
  [5775/6742] surfdock ligand 4bkt   halo_F_1           rmsd=  1.47 Å  matched=19
  [5776/6742] gnina    ligand 4bkt   meth_1             rmsd=  6.38 Å  matched=19
  [5777/6742] unidock2 ligand 4bkt   meth_1             rmsd=  8.27 Å  matched=19
  [5778/6742] surfdock ligand 4bkt   meth_1             rmsd=  5.42 Å  matched=19
  [5779/6742] gnina    ligand 4bkt   wt                 rmsd=  1.50 Å  matched=19
  [5780/6742] unidock2 ligand 4bkt   wt                 rmsd= 14.67 Å  matched=19
  [5781/6742] surfdock ligand 4bkt   wt                 rmsd=  1.55 Å  matched=19
  [5782/6742] gnina    ligand 4cig   halo_Br_1          rmsd=  7.11 Å  matched=37
  [5783/6742] unidock2 ligand 4cig   halo_Br_1          rmsd=  6.38 Å  matched=37
  [5784/6742] surfdock ligand 4cig   halo_Br_1          rmsd=  3.97 Å  matched=37
  [5785/6742] gnina    ligand 4cig   halo_Cl_1          rmsd=  7.02 Å  matched=37
  [5786/6742] unidock2 ligand 4cig   halo_Cl_1          rmsd=  7.99 Å  matched=37
  [5787/6742] surfdock ligand 4cig   halo_Cl_1          rmsd=  3.21 Å  matched=37
  [5788/6742] gnina    ligand 4cig   halo_F_1           rmsd=  6.38 Å  matched=37
  [5789/6742] unidock2 ligand 4cig   halo_F_1           rmsd=  7.11 Å  matched=37
  [5790/6742] surfdock ligand 4cig   halo_F_1           rmsd=  3.03 Å  matched=37
  [5791/6742] gnina    ligand 4cig   wt                 rmsd=  6.44 Å  matched=37
  [5792/6742] unidock2 ligand 4cig   wt                 rmsd=  7.06 Å  matched=37
  [5793/6742] surfdock ligand 4cig   wt                 rmsd=  4.30 Å  matched=37
  [5794/6742] gnina    ligand 4ciw   chrg_neu_ethyl     rmsd= 10.06 Å  matched=13
  [5795/6742] unidock2 ligand 4ciw   chrg_neu_ethyl     rmsd=  3.82 Å  matched=13
  [5796/6742] surfdock ligand 4ciw   chrg_neu_ethyl     rmsd=  3.71 Å  matched=13
  [5797/6742] gnina    ligand 4ciw   chrg_neu_methyl    rmsd=  8.25 Å  matched=13
  [5798/6742] unidock2 ligand 4ciw   chrg_neu_methyl    rmsd=  3.12 Å  matched=13
  [5799/6742] surfdock ligand 4ciw   chrg_neu_methyl    rmsd=  4.03 Å  matched=13
  [5800/6742] gnina    ligand 4ciw   chrg_neu_propyl    rmsd=  7.69 Å  matched=13
  [5801/6742] unidock2 ligand 4ciw   chrg_neu_propyl    rmsd=  3.97 Å  matched=13
  [5802/6742] surfdock ligand 4ciw   chrg_neu_propyl    rmsd=  3.36 Å  matched=13
  [5803/6742] gnina    ligand 4ciw   chrg_pos_1         rmsd= 11.88 Å  matched=13
  [5804/6742] unidock2 ligand 4ciw   chrg_pos_1         rmsd=  3.30 Å  matched=13
  [5805/6742] surfdock ligand 4ciw   chrg_pos_1         rmsd=  3.68 Å  matched=13
  [5806/6742] gnina    ligand 4ciw   chrg_pos_2         rmsd=  8.91 Å  matched=13
  [5807/6742] unidock2 ligand 4ciw   chrg_pos_2         rmsd=  3.77 Å  matched=13
  [5808/6742] surfdock ligand 4ciw   chrg_pos_2         rmsd=  4.11 Å  matched=13
  [5809/6742] gnina    ligand 4ciw   chrg_pos_3         rmsd= 12.36 Å  matched=13
  [5810/6742] unidock2 ligand 4ciw   chrg_pos_3         rmsd=  5.37 Å  matched=13
  [5811/6742] surfdock ligand 4ciw   chrg_pos_3         rmsd=  3.11 Å  matched=13
  [5812/6742] gnina    ligand 4ciw   meth_1             rmsd=  1.13 Å  matched=15
  [5813/6742] unidock2 ligand 4ciw   meth_1             rmsd=  0.65 Å  matched=15
  [5814/6742] surfdock ligand 4ciw   meth_1             rmsd=  1.77 Å  matched=15
  [5815/6742] gnina    ligand 4ciw   meth_2             rmsd= 11.56 Å  matched=15
  [5816/6742] unidock2 ligand 4ciw   meth_2             rmsd=  1.30 Å  matched=15
  [5817/6742] surfdock ligand 4ciw   meth_2             rmsd=  2.16 Å  matched=15
  [5818/6742] gnina    ligand 4ciw   meth_3             rmsd= 13.31 Å  matched=15
  [5819/6742] unidock2 ligand 4ciw   meth_3             rmsd=  4.78 Å  matched=15
  [5820/6742] surfdock ligand 4ciw   meth_3             rmsd=  2.20 Å  matched=15
  [5821/6742] gnina    ligand 4ciw   meth_4             rmsd=  0.95 Å  matched=15
  [5822/6742] unidock2 ligand 4ciw   meth_4             rmsd=  4.97 Å  matched=15
  [5823/6742] surfdock ligand 4ciw   meth_4             rmsd=  1.52 Å  matched=15
  [5824/6742] gnina    ligand 4ciw   wt                 rmsd=  1.53 Å  matched=15
  [5825/6742] unidock2 ligand 4ciw   wt                 rmsd=  0.89 Å  matched=15
  [5826/6742] surfdock ligand 4ciw   wt                 rmsd=  1.09 Å  matched=15
  [5827/6742] gnina    ligand 4cr9   halo_Br_1          rmsd=  1.10 Å  matched=13
  [5828/6742] unidock2 ligand 4cr9   halo_Br_1          rmsd=  4.77 Å  matched=13
  [5829/6742] surfdock ligand 4cr9   halo_Br_1          rmsd=  2.71 Å  matched=13
  [5830/6742] gnina    ligand 4cr9   halo_Cl_1          rmsd=  1.10 Å  matched=13
  [5831/6742] unidock2 ligand 4cr9   halo_Cl_1          rmsd=  4.79 Å  matched=13
  [5832/6742] surfdock ligand 4cr9   halo_Cl_1          rmsd=  2.79 Å  matched=13
  [5833/6742] gnina    ligand 4cr9   halo_F_1           rmsd=  0.60 Å  matched=13
  [5834/6742] unidock2 ligand 4cr9   halo_F_1           rmsd=  4.79 Å  matched=13
  [5835/6742] surfdock ligand 4cr9   halo_F_1           rmsd=  4.90 Å  matched=13
  [5836/6742] gnina    ligand 4cr9   wt                 rmsd=  0.68 Å  matched=13
  [5837/6742] unidock2 ligand 4cr9   wt                 rmsd=  4.89 Å  matched=13
  [5838/6742] surfdock ligand 4cr9   wt                 rmsd=  1.86 Å  matched=13
  [5839/6742] gnina    ligand 4cra   halo_Br_1          rmsd=  1.10 Å  matched=38
  [5840/6742] unidock2 ligand 4cra   halo_Br_1          rmsd= 10.19 Å  matched=38
  [5841/6742] surfdock ligand 4cra   halo_Br_1          rmsd= 10.04 Å  matched=38
  [5842/6742] gnina    ligand 4cra   halo_Cl_1          rmsd=  0.63 Å  matched=38
  [5843/6742] unidock2 ligand 4cra   halo_Cl_1          rmsd=  8.04 Å  matched=38
  [5844/6742] surfdock ligand 4cra   halo_Cl_1          rmsd=  5.13 Å  matched=38
  [5845/6742] gnina    ligand 4cra   halo_F_1           rmsd=  1.03 Å  matched=38
  [5846/6742] unidock2 ligand 4cra   halo_F_1           rmsd=  6.77 Å  matched=38
  [5847/6742] surfdock ligand 4cra   halo_F_1           rmsd= 10.08 Å  matched=38
  [5848/6742] gnina    ligand 4cra   wt                 rmsd=  1.82 Å  matched=38
  [5849/6742] unidock2 ligand 4cra   wt                 rmsd=  1.71 Å  matched=38
  [5850/6742] surfdock ligand 4cra   wt                 rmsd=  4.51 Å  matched=38
  [5851/6742] gnina    ligand 4crc   halo_Br_1          rmsd=  2.85 Å  matched=39
  [5852/6742] unidock2 ligand 4crc   halo_Br_1          rmsd=  2.39 Å  matched=39
  [5853/6742] surfdock ligand 4crc   halo_Br_1          rmsd=  4.79 Å  matched=39
  [5854/6742] gnina    ligand 4crc   halo_Cl_1          rmsd=  2.73 Å  matched=39
  [5855/6742] unidock2 ligand 4crc   halo_Cl_1          rmsd=  2.98 Å  matched=39
  [5856/6742] surfdock ligand 4crc   halo_Cl_1          rmsd=  4.95 Å  matched=39
  [5857/6742] gnina    ligand 4crc   halo_F_1           rmsd=  2.79 Å  matched=39
  [5858/6742] unidock2 ligand 4crc   halo_F_1           rmsd=  2.97 Å  matched=39
  [5859/6742] surfdock ligand 4crc   halo_F_1           rmsd=  7.05 Å  matched=39
  [5860/6742] gnina    ligand 4crc   wt                 rmsd=  1.46 Å  matched=39
  [5861/6742] unidock2 ligand 4crc   wt                 rmsd=  1.13 Å  matched=39
  [5862/6742] surfdock ligand 4crc   wt                 rmsd=  5.13 Å  matched=39
  [5863/6742] gnina    ligand 4ddh   chrg_neu_ethyl     rmsd=  2.96 Å  matched=13
  [5864/6742] unidock2 ligand 4ddh   chrg_neu_ethyl     rmsd=  2.46 Å  matched=13
  [5865/6742] surfdock ligand 4ddh   chrg_neu_ethyl     rmsd=  3.60 Å  matched=13
  [5866/6742] gnina    ligand 4ddh   chrg_neu_methyl    rmsd=  2.44 Å  matched=13
  [5867/6742] unidock2 ligand 4ddh   chrg_neu_methyl    rmsd=  2.36 Å  matched=13
  [5868/6742] surfdock ligand 4ddh   chrg_neu_methyl    rmsd=  2.84 Å  matched=13
  [5869/6742] gnina    ligand 4ddh   chrg_neu_propyl    rmsd=  2.85 Å  matched=13
  [5870/6742] unidock2 ligand 4ddh   chrg_neu_propyl    rmsd=  2.79 Å  matched=13
  [5871/6742] surfdock ligand 4ddh   chrg_neu_propyl    rmsd=  6.13 Å  matched=13
  [5872/6742] gnina    ligand 4ddh   chrg_pos_1         rmsd=  8.39 Å  matched=13
  [5873/6742] unidock2 ligand 4ddh   chrg_pos_1         rmsd=  2.34 Å  matched=13
  [5874/6742] surfdock ligand 4ddh   chrg_pos_1         rmsd=  2.74 Å  matched=13
  [5875/6742] gnina    ligand 4ddh   chrg_pos_2         rmsd= 12.25 Å  matched=13
  [5876/6742] unidock2 ligand 4ddh   chrg_pos_2         rmsd=  3.75 Å  matched=13
  [5877/6742] surfdock ligand 4ddh   chrg_pos_2         rmsd=  2.41 Å  matched=13
  [5878/6742] gnina    ligand 4ddh   chrg_pos_3         rmsd=  9.49 Å  matched=13
  [5879/6742] unidock2 ligand 4ddh   chrg_pos_3         rmsd=  2.36 Å  matched=13
  [5880/6742] surfdock ligand 4ddh   chrg_pos_3         rmsd=  4.24 Å  matched=13
  [5881/6742] gnina    ligand 4ddh   halo_Br_1          rmsd=  1.79 Å  matched=15
  [5882/6742] unidock2 ligand 4ddh   halo_Br_1          rmsd=  1.23 Å  matched=15
  [5883/6742] surfdock ligand 4ddh   halo_Br_1          rmsd=  2.19 Å  matched=15
  [5884/6742] gnina    ligand 4ddh   halo_Cl_1          rmsd=  1.72 Å  matched=15
  [5885/6742] unidock2 ligand 4ddh   halo_Cl_1          rmsd=  0.76 Å  matched=15
  [5886/6742] surfdock ligand 4ddh   halo_Cl_1          rmsd=  2.83 Å  matched=15
  [5887/6742] gnina    ligand 4ddh   halo_F_1           rmsd=  2.84 Å  matched=15
  [5888/6742] unidock2 ligand 4ddh   halo_F_1           rmsd=  1.43 Å  matched=15
  [5889/6742] surfdock ligand 4ddh   halo_F_1           rmsd=  2.92 Å  matched=15
  [5890/6742] gnina    ligand 4ddh   wt                 rmsd=  1.23 Å  matched=15
  [5891/6742] unidock2 ligand 4ddh   wt                 rmsd=  1.51 Å  matched=15
  [5892/6742] surfdock ligand 4ddh   wt                 rmsd=  2.30 Å  matched=15
  [5893/6742] gnina    ligand 4ddk   halo_Br_1          rmsd=  1.52 Å  matched=12
  [5894/6742] unidock2 ligand 4ddk   halo_Br_1          rmsd=  2.11 Å  matched=12
  [5895/6742] surfdock ligand 4ddk   halo_Br_1          rmsd=  1.97 Å  matched=12
  [5896/6742] gnina    ligand 4ddk   halo_Cl_1          rmsd=  1.31 Å  matched=12
  [5897/6742] unidock2 ligand 4ddk   halo_Cl_1          rmsd=  1.36 Å  matched=12
  [5898/6742] surfdock ligand 4ddk   halo_Cl_1          rmsd=  2.11 Å  matched=12
  [5899/6742] gnina    ligand 4ddk   halo_F_1           rmsd=  1.06 Å  matched=12
  [5900/6742] unidock2 ligand 4ddk   halo_F_1           rmsd=  4.76 Å  matched=12
  [5901/6742] surfdock ligand 4ddk   halo_F_1           rmsd=  2.29 Å  matched=12
  [5902/6742] gnina    ligand 4ddk   wt                 rmsd=  0.85 Å  matched=12
  [5903/6742] unidock2 ligand 4ddk   wt                 rmsd=  4.76 Å  matched=12
  [5904/6742] surfdock ligand 4ddk   wt                 rmsd=  1.30 Å  matched=12
  [5905/6742] gnina    ligand 4de1   halo_Br_1          rmsd=  4.68 Å  matched=23
  [5906/6742] unidock2 ligand 4de1   halo_Br_1          rmsd=  8.43 Å  matched=23
  [5907/6742] surfdock ligand 4de1   halo_Br_1          rmsd=  8.50 Å  matched=23
  [5908/6742] gnina    ligand 4de1   halo_Cl_1          rmsd=  8.80 Å  matched=23
  [5909/6742] unidock2 ligand 4de1   halo_Cl_1          rmsd=  3.25 Å  matched=23
  [5910/6742] surfdock ligand 4de1   halo_Cl_1          rmsd=  8.38 Å  matched=23
  [5911/6742] gnina    ligand 4de1   halo_F_1           rmsd= 12.07 Å  matched=23
  [5912/6742] unidock2 ligand 4de1   halo_F_1           rmsd=  1.23 Å  matched=23
  [5913/6742] surfdock ligand 4de1   halo_F_1           rmsd=  2.33 Å  matched=23
  [5914/6742] gnina    ligand 4de1   wt                 rmsd=  9.33 Å  matched=23
  [5915/6742] unidock2 ligand 4de1   wt                 rmsd=  1.43 Å  matched=23
  [5916/6742] surfdock ligand 4de1   wt                 rmsd=  8.27 Å  matched=23
  [5917/6742] gnina    ligand 4de2   halo_Br_1          rmsd=  5.80 Å  matched=24
  [5918/6742] unidock2 ligand 4de2   halo_Br_1          rmsd=  3.01 Å  matched=24
  [5919/6742] surfdock ligand 4de2   halo_Br_1          rmsd=  2.72 Å  matched=24
  [5920/6742] gnina    ligand 4de2   halo_Cl_1          rmsd=  5.04 Å  matched=24
  [5921/6742] unidock2 ligand 4de2   halo_Cl_1          rmsd=  3.79 Å  matched=24
  [5922/6742] surfdock ligand 4de2   halo_Cl_1          rmsd=  3.17 Å  matched=24
  [5923/6742] gnina    ligand 4de2   halo_F_1           rmsd=  9.20 Å  matched=24
  [5924/6742] unidock2 ligand 4de2   halo_F_1           rmsd=  2.52 Å  matched=24
  [5925/6742] surfdock ligand 4de2   halo_F_1           rmsd=  3.18 Å  matched=24
  [5926/6742] gnina    ligand 4de2   wt                 rmsd=  9.17 Å  matched=24
  [5927/6742] unidock2 ligand 4de2   wt                 rmsd=  4.59 Å  matched=24
  [5928/6742] surfdock ligand 4de2   wt                 rmsd=  3.12 Å  matched=24
  [5929/6742] gnina    ligand 4de3   halo_Br_1          rmsd=  8.17 Å  matched=21
  [5930/6742] unidock2 ligand 4de3   halo_Br_1          rmsd=  2.76 Å  matched=21
  [5931/6742] surfdock ligand 4de3   halo_Br_1          rmsd=  1.98 Å  matched=21
  [5932/6742] gnina    ligand 4de3   halo_Cl_1          rmsd=  7.03 Å  matched=21
  [5933/6742] unidock2 ligand 4de3   halo_Cl_1          rmsd=  0.83 Å  matched=21
  [5934/6742] surfdock ligand 4de3   halo_Cl_1          rmsd=  2.75 Å  matched=21
  [5935/6742] gnina    ligand 4de3   halo_F_1           rmsd=  5.10 Å  matched=21
  [5936/6742] unidock2 ligand 4de3   halo_F_1           rmsd=  1.87 Å  matched=21
  [5937/6742] surfdock ligand 4de3   halo_F_1           rmsd=  2.52 Å  matched=21
  [5938/6742] gnina    ligand 4de3   wt                 rmsd=  0.80 Å  matched=21
  [5939/6742] unidock2 ligand 4de3   wt                 rmsd=  1.73 Å  matched=21
  [5940/6742] surfdock ligand 4de3   wt                 rmsd=  4.17 Å  matched=21
  [5941/6742] gnina    ligand 4djv   halo_Br_1          rmsd=  1.30 Å  matched=28
  [5942/6742] unidock2 ligand 4djv   halo_Br_1          rmsd=  7.72 Å  matched=28
  [5943/6742] surfdock ligand 4djv   halo_Br_1          rmsd=  1.72 Å  matched=28
  [5944/6742] gnina    ligand 4djv   halo_Cl_1          rmsd=  1.17 Å  matched=28
  [5945/6742] unidock2 ligand 4djv   halo_Cl_1          rmsd=  7.59 Å  matched=28
  [5946/6742] surfdock ligand 4djv   halo_Cl_1          rmsd=  1.40 Å  matched=28
  [5947/6742] gnina    ligand 4djv   halo_F_1           rmsd=  1.92 Å  matched=28
  [5948/6742] unidock2 ligand 4djv   halo_F_1           rmsd=  1.82 Å  matched=28
  [5949/6742] surfdock ligand 4djv   halo_F_1           rmsd=  1.28 Å  matched=28
  [5950/6742] gnina    ligand 4djv   wt                 rmsd=  0.45 Å  matched=28
  [5951/6742] unidock2 ligand 4djv   wt                 rmsd=  1.91 Å  matched=28
  [5952/6742] surfdock ligand 4djv   wt                 rmsd=  1.54 Å  matched=28
  [5953/6742] gnina    ligand 4dld   chrg_neu_ethyl     rmsd=  7.21 Å  matched=19
  [5954/6742] unidock2 ligand 4dld   chrg_neu_ethyl     rmsd=  6.05 Å  matched=19
  [5955/6742] surfdock ligand 4dld   chrg_neu_ethyl     rmsd=  4.63 Å  matched=19
  [5956/6742] gnina    ligand 4dld   chrg_neu_methyl    rmsd=  7.17 Å  matched=19
  [5957/6742] unidock2 ligand 4dld   chrg_neu_methyl    rmsd=  5.90 Å  matched=19
  [5958/6742] surfdock ligand 4dld   chrg_neu_methyl    rmsd=  6.11 Å  matched=19
  [5959/6742] gnina    ligand 4dld   chrg_neu_propyl    rmsd=  7.12 Å  matched=19
  [5960/6742] unidock2 ligand 4dld   chrg_neu_propyl    rmsd=  6.15 Å  matched=19
  [5961/6742] surfdock ligand 4dld   chrg_neu_propyl    rmsd=  4.64 Å  matched=19
  [5962/6742] gnina    ligand 4dld   chrg_pos_1         rmsd=  5.76 Å  matched=19
  [5963/6742] unidock2 ligand 4dld   chrg_pos_1         rmsd=  6.79 Å  matched=19
  [5964/6742] surfdock ligand 4dld   chrg_pos_1         rmsd=  3.88 Å  matched=19
  [5965/6742] gnina    ligand 4dld   chrg_pos_2         rmsd=  7.24 Å  matched=19
  [5966/6742] unidock2 ligand 4dld   chrg_pos_2         rmsd=  5.05 Å  matched=19
  [5967/6742] surfdock ligand 4dld   chrg_pos_2         rmsd=  5.78 Å  matched=19
  [5968/6742] gnina    ligand 4dld   chrg_pos_3         rmsd=  7.41 Å  matched=19
  [5969/6742] unidock2 ligand 4dld   chrg_pos_3         rmsd=  5.09 Å  matched=19
  [5970/6742] surfdock ligand 4dld   chrg_pos_3         rmsd=  5.80 Å  matched=19
  [5971/6742] gnina    ligand 4dld   halo_Br_1          rmsd=  4.97 Å  matched=21
  [5972/6742] unidock2 ligand 4dld   halo_Br_1          rmsd=  7.37 Å  matched=21
  [5973/6742] surfdock ligand 4dld   halo_Br_1          rmsd=  4.75 Å  matched=21
  [5974/6742] gnina    ligand 4dld   halo_Cl_1          rmsd=  3.71 Å  matched=21
  [5975/6742] unidock2 ligand 4dld   halo_Cl_1          rmsd=  6.56 Å  matched=21
  [5976/6742] surfdock ligand 4dld   halo_Cl_1          rmsd=  4.65 Å  matched=21
  [5977/6742] gnina    ligand 4dld   halo_F_1           rmsd=  3.62 Å  matched=21
  [5978/6742] unidock2 ligand 4dld   halo_F_1           rmsd=  4.62 Å  matched=21
  [5979/6742] surfdock ligand 4dld   halo_F_1           rmsd=  4.43 Å  matched=21
  [5980/6742] gnina    ligand 4dld   wt                 rmsd=  1.00 Å  matched=21
  [5981/6742] unidock2 ligand 4dld   wt                 rmsd=  6.96 Å  matched=21
  [5982/6742] surfdock ligand 4dld   wt                 rmsd=  4.28 Å  matched=21
  [5983/6742] gnina    ligand 4dli   halo_Br_1          rmsd=  9.88 Å  matched=21
  [5984/6742] unidock2 ligand 4dli   halo_Br_1          rmsd=  1.29 Å  matched=21
  [5985/6742] surfdock ligand 4dli   halo_Br_1          rmsd=  1.54 Å  matched=21
  [5986/6742] gnina    ligand 4dli   halo_Cl_1          rmsd=  4.66 Å  matched=21
  [5987/6742] unidock2 ligand 4dli   halo_Cl_1          rmsd=  1.27 Å  matched=21
  [5988/6742] surfdock ligand 4dli   halo_Cl_1          rmsd=  3.32 Å  matched=21
  [5989/6742] gnina    ligand 4dli   halo_F_1           rmsd=  4.71 Å  matched=21
  [5990/6742] unidock2 ligand 4dli   halo_F_1           rmsd=  0.72 Å  matched=21
  [5991/6742] surfdock ligand 4dli   halo_F_1           rmsd=  3.82 Å  matched=21
  [5992/6742] gnina    ligand 4dli   wt                 rmsd=  0.69 Å  matched=21
  [5993/6742] unidock2 ligand 4dli   wt                 rmsd=  0.71 Å  matched=21
  [5994/6742] surfdock ligand 4dli   wt                 rmsd=  3.64 Å  matched=21
  [5995/6742] gnina    ligand 4e5w   halo_Br_1          rmsd=  2.90 Å  matched=29
  [5996/6742] unidock2 ligand 4e5w   halo_Br_1          rmsd=  8.30 Å  matched=28
  [5997/6742] surfdock ligand 4e5w   halo_Br_1          rmsd=  4.61 Å  matched=28
  [5998/6742] gnina    ligand 4e5w   halo_Cl_1          rmsd=  3.20 Å  matched=29
  [5999/6742] unidock2 ligand 4e5w   halo_Cl_1          rmsd=  3.87 Å  matched=28
  [6000/6742] surfdock ligand 4e5w   halo_Cl_1          rmsd=  6.00 Å  matched=28
  [6001/6742] gnina    ligand 4e5w   halo_F_1           rmsd=  3.19 Å  matched=29
  [6002/6742] unidock2 ligand 4e5w   halo_F_1           rmsd=  3.73 Å  matched=28
  [6003/6742] surfdock ligand 4e5w   halo_F_1           rmsd=  6.15 Å  matched=28
  [6004/6742] gnina    ligand 4e5w   wt                 rmsd=  3.10 Å  matched=29
  [6005/6742] unidock2 ligand 4e5w   wt                 rmsd=  3.73 Å  matched=28
  [6006/6742] surfdock ligand 4e5w   wt                 rmsd=  5.84 Å  matched=28
  [6007/6742] gnina    ligand 4e6q   halo_Br_1          rmsd=  1.53 Å  matched=25
  [6008/6742] unidock2 ligand 4e6q   halo_Br_1          rmsd=  2.79 Å  matched=25
  [6009/6742] surfdock ligand 4e6q   halo_Br_1          rmsd=  2.93 Å  matched=25
  [6010/6742] gnina    ligand 4e6q   halo_Cl_1          rmsd=  1.35 Å  matched=25
  [6011/6742] unidock2 ligand 4e6q   halo_Cl_1          rmsd=  2.82 Å  matched=25
  [6012/6742] surfdock ligand 4e6q   halo_Cl_1          rmsd=  1.92 Å  matched=25
  [6013/6742] gnina    ligand 4e6q   halo_F_1           rmsd=  1.11 Å  matched=25
  [6014/6742] unidock2 ligand 4e6q   halo_F_1           rmsd=  1.13 Å  matched=25
  [6015/6742] surfdock ligand 4e6q   halo_F_1           rmsd=  2.32 Å  matched=25
  [6016/6742] gnina    ligand 4e6q   wt                 rmsd=  1.38 Å  matched=25
  [6017/6742] unidock2 ligand 4e6q   wt                 rmsd=  0.61 Å  matched=25
  [6018/6742] surfdock ligand 4e6q   wt                 rmsd=  3.96 Å  matched=25
  [6019/6742] gnina    ligand 4ea2   wt                 rmsd=  2.42 Å  matched=24
  [6020/6742] unidock2 ligand 4ea2   wt                 rmsd=  2.49 Å  matched=24
  [6021/6742] surfdock ligand 4ea2   wt                 rmsd=  4.25 Å  matched=24
  [6022/6742] gnina    ligand 4eky   halo_Br_1          rmsd=  0.81 Å  matched=24
  [6023/6742] surfdock ligand 4eky   halo_Br_1          rmsd=  2.81 Å  matched=24
  [6024/6742] gnina    ligand 4eky   halo_Cl_1          rmsd=  0.69 Å  matched=24
  [6025/6742] surfdock ligand 4eky   halo_Cl_1          rmsd=  2.80 Å  matched=24
  [6026/6742] gnina    ligand 4eky   halo_F_1           rmsd=  0.75 Å  matched=24
  [6027/6742] surfdock ligand 4eky   halo_F_1           rmsd=  2.62 Å  matched=24
  [6028/6742] gnina    ligand 4eky   meth_1             rmsd=  1.18 Å  matched=24
  [6029/6742] surfdock ligand 4eky   meth_1             rmsd=  2.18 Å  matched=24
  [6030/6742] gnina    ligand 4eky   meth_2             rmsd=  2.60 Å  matched=24
  [6031/6742] surfdock ligand 4eky   meth_2             rmsd=  2.10 Å  matched=24
  [6032/6742] gnina    ligand 4eky   meth_3             rmsd=  2.69 Å  matched=24
  [6033/6742] surfdock ligand 4eky   meth_3             rmsd=  1.47 Å  matched=24
  [6034/6742] gnina    ligand 4eky   meth_4             rmsd=  1.12 Å  matched=24
  [6035/6742] surfdock ligand 4eky   meth_4             rmsd=  1.93 Å  matched=24
  [6036/6742] gnina    ligand 4eky   wt                 rmsd=  1.03 Å  matched=24
  [6037/6742] surfdock ligand 4eky   wt                 rmsd=  2.24 Å  matched=24
  [6038/6742] gnina    ligand 4eo8   halo_Br_1          rmsd=  2.77 Å  matched=27
  [6039/6742] unidock2 ligand 4eo8   halo_Br_1          rmsd=  6.75 Å  matched=27
  [6040/6742] surfdock ligand 4eo8   halo_Br_1          rmsd=  3.57 Å  matched=27
  [6041/6742] gnina    ligand 4eo8   halo_Cl_1          rmsd=  2.98 Å  matched=27
  [6042/6742] unidock2 ligand 4eo8   halo_Cl_1          rmsd=  4.01 Å  matched=27
  [6043/6742] surfdock ligand 4eo8   halo_Cl_1          rmsd=  6.73 Å  matched=27
  [6044/6742] gnina    ligand 4eo8   halo_F_1           rmsd=  3.08 Å  matched=27
  [6045/6742] unidock2 ligand 4eo8   halo_F_1           rmsd=  1.31 Å  matched=27
  [6046/6742] surfdock ligand 4eo8   halo_F_1           rmsd=  2.73 Å  matched=27
  [6047/6742] gnina    ligand 4eo8   wt                 rmsd=  3.64 Å  matched=27
  [6048/6742] unidock2 ligand 4eo8   wt                 rmsd=  1.75 Å  matched=27
  [6049/6742] surfdock ligand 4eo8   wt                 rmsd=  6.31 Å  matched=27
  [6050/6742] gnina    ligand 4eor   halo_Br_1          rmsd=  6.69 Å  matched=28
  [6051/6742] unidock2 ligand 4eor   halo_Br_1          rmsd=  4.57 Å  matched=28
  [6052/6742] surfdock ligand 4eor   halo_Br_1          rmsd=  2.46 Å  matched=28
  [6053/6742] gnina    ligand 4eor   halo_Cl_1          rmsd=  2.35 Å  matched=28
  [6054/6742] unidock2 ligand 4eor   halo_Cl_1          rmsd=  4.83 Å  matched=28
  [6055/6742] surfdock ligand 4eor   halo_Cl_1          rmsd=  1.93 Å  matched=28
  [6056/6742] gnina    ligand 4eor   halo_F_1           rmsd=  1.17 Å  matched=28
  [6057/6742] unidock2 ligand 4eor   halo_F_1           rmsd=  4.71 Å  matched=28
  [6058/6742] surfdock ligand 4eor   halo_F_1           rmsd=  1.55 Å  matched=28
  [6059/6742] gnina    ligand 4eor   wt                 rmsd=  1.50 Å  matched=28
  [6060/6742] unidock2 ligand 4eor   wt                 rmsd=  4.99 Å  matched=28
  [6061/6742] surfdock ligand 4eor   wt                 rmsd=  5.66 Å  matched=28
  [6062/6742] gnina    ligand 4f09   halo_Br_1          rmsd=  3.30 Å  matched=19
  [6063/6742] unidock2 ligand 4f09   halo_Br_1          rmsd=  3.85 Å  matched=19
  [6064/6742] surfdock ligand 4f09   halo_Br_1          rmsd=  1.74 Å  matched=19
  [6065/6742] gnina    ligand 4f09   halo_Cl_1          rmsd=  1.46 Å  matched=19
  [6066/6742] unidock2 ligand 4f09   halo_Cl_1          rmsd=  1.46 Å  matched=19
  [6067/6742] surfdock ligand 4f09   halo_Cl_1          rmsd=  2.00 Å  matched=19
  [6068/6742] gnina    ligand 4f09   halo_F_1           rmsd=  1.10 Å  matched=19
  [6069/6742] unidock2 ligand 4f09   halo_F_1           rmsd=  0.99 Å  matched=19
  [6070/6742] surfdock ligand 4f09   halo_F_1           rmsd=  1.10 Å  matched=19
  [6071/6742] gnina    ligand 4f09   wt                 rmsd=  0.31 Å  matched=19
  [6072/6742] unidock2 ligand 4f09   wt                 rmsd=  0.32 Å  matched=19
  [6073/6742] surfdock ligand 4f09   wt                 rmsd=  3.62 Å  matched=19
  [6074/6742] gnina    ligand 4f2w   halo_Br_1          rmsd=  0.80 Å  matched=20
  [6075/6742] unidock2 ligand 4f2w   halo_Br_1          rmsd=  0.90 Å  matched=20
  [6076/6742] surfdock ligand 4f2w   halo_Br_1          rmsd=  4.10 Å  matched=20
  [6077/6742] gnina    ligand 4f2w   halo_Cl_1          rmsd=  0.80 Å  matched=20
  [6078/6742] unidock2 ligand 4f2w   halo_Cl_1          rmsd=  0.77 Å  matched=20
  [6079/6742] surfdock ligand 4f2w   halo_Cl_1          rmsd=  4.15 Å  matched=20
  [6080/6742] gnina    ligand 4f2w   halo_F_1           rmsd=  0.69 Å  matched=20
  [6081/6742] unidock2 ligand 4f2w   halo_F_1           rmsd=  0.67 Å  matched=20
  [6082/6742] surfdock ligand 4f2w   halo_F_1           rmsd=  3.07 Å  matched=20
  [6083/6742] gnina    ligand 4f2w   meth_1             rmsd=  1.04 Å  matched=20
  [6084/6742] unidock2 ligand 4f2w   meth_1             rmsd=  1.02 Å  matched=20
  [6085/6742] surfdock ligand 4f2w   meth_1             rmsd=  1.82 Å  matched=20
  [6086/6742] gnina    ligand 4f2w   wt                 rmsd=  0.69 Å  matched=20
  [6087/6742] unidock2 ligand 4f2w   wt                 rmsd=  0.98 Å  matched=20
  [6088/6742] surfdock ligand 4f2w   wt                 rmsd=  3.01 Å  matched=20
  [6089/6742] gnina    ligand 4f3c   halo_Br_1          rmsd=  0.87 Å  matched=23
  [6090/6742] unidock2 ligand 4f3c   halo_Br_1          rmsd=  0.83 Å  matched=23
  [6091/6742] surfdock ligand 4f3c   halo_Br_1          rmsd=  3.61 Å  matched=23
  [6092/6742] gnina    ligand 4f3c   halo_Cl_1          rmsd=  0.76 Å  matched=23
  [6093/6742] unidock2 ligand 4f3c   halo_Cl_1          rmsd=  0.99 Å  matched=23
  [6094/6742] surfdock ligand 4f3c   halo_Cl_1          rmsd=  2.99 Å  matched=23
  [6095/6742] gnina    ligand 4f3c   halo_F_1           rmsd=  0.46 Å  matched=23
  [6096/6742] unidock2 ligand 4f3c   halo_F_1           rmsd=  0.58 Å  matched=23
  [6097/6742] surfdock ligand 4f3c   halo_F_1           rmsd=  3.85 Å  matched=23
  [6098/6742] gnina    ligand 4f3c   meth_1             rmsd=  0.81 Å  matched=23
  [6099/6742] unidock2 ligand 4f3c   meth_1             rmsd=  0.86 Å  matched=23
  [6100/6742] surfdock ligand 4f3c   meth_1             rmsd=  3.07 Å  matched=23
  [6101/6742] gnina    ligand 4f3c   wt                 rmsd=  0.73 Å  matched=23
  [6102/6742] unidock2 ligand 4f3c   wt                 rmsd=  0.79 Å  matched=23
  [6103/6742] surfdock ligand 4f3c   wt                 rmsd=  4.07 Å  matched=23
  [6104/6742] gnina    ligand 4f9w   halo_Br_1          rmsd=  2.63 Å  matched=25
  [6105/6742] unidock2 ligand 4f9w   halo_Br_1          rmsd=  2.55 Å  matched=25
  [6106/6742] surfdock ligand 4f9w   halo_Br_1          rmsd=  3.17 Å  matched=25
  [6107/6742] gnina    ligand 4f9w   halo_Cl_1          rmsd=  2.48 Å  matched=25
  [6108/6742] unidock2 ligand 4f9w   halo_Cl_1          rmsd=  2.67 Å  matched=25
  [6109/6742] surfdock ligand 4f9w   halo_Cl_1          rmsd=  2.89 Å  matched=25
  [6110/6742] gnina    ligand 4f9w   halo_F_1           rmsd=  0.47 Å  matched=25
  [6111/6742] unidock2 ligand 4f9w   halo_F_1           rmsd=  0.42 Å  matched=25
  [6112/6742] surfdock ligand 4f9w   halo_F_1           rmsd=  3.06 Å  matched=25
  [6113/6742] gnina    ligand 4f9w   wt                 rmsd=  0.95 Å  matched=25
  [6114/6742] unidock2 ligand 4f9w   wt                 rmsd=  0.95 Å  matched=25
  [6115/6742] surfdock ligand 4f9w   wt                 rmsd=  3.03 Å  matched=25
  [6116/6742] gnina    ligand 4gfm   halo_Br_1          rmsd=  2.34 Å  matched=18
  [6117/6742] unidock2 ligand 4gfm   halo_Br_1          rmsd=  6.81 Å  matched=18
  [6118/6742] surfdock ligand 4gfm   halo_Br_1          rmsd=  3.36 Å  matched=18
  [6119/6742] gnina    ligand 4gfm   halo_Cl_1          rmsd=  2.66 Å  matched=18
  [6120/6742] unidock2 ligand 4gfm   halo_Cl_1          rmsd=  6.45 Å  matched=18
  [6121/6742] surfdock ligand 4gfm   halo_Cl_1          rmsd=  3.53 Å  matched=18
  [6122/6742] gnina    ligand 4gfm   halo_F_1           rmsd=  2.76 Å  matched=18
  [6123/6742] unidock2 ligand 4gfm   halo_F_1           rmsd=  6.43 Å  matched=18
  [6124/6742] surfdock ligand 4gfm   halo_F_1           rmsd=  2.96 Å  matched=18
  [6125/6742] gnina    ligand 4gfm   wt                 rmsd=  0.30 Å  matched=18
  [6126/6742] unidock2 ligand 4gfm   wt                 rmsd=  6.46 Å  matched=18
  [6127/6742] surfdock ligand 4gfm   wt                 rmsd=  2.88 Å  matched=18
  [6128/6742] gnina    ligand 4gid   halo_Br_1          rmsd=  1.60 Å  matched=47
  [6129/6742] unidock2 ligand 4gid   halo_Br_1          rmsd=  7.31 Å  matched=47
  [6130/6742] surfdock ligand 4gid   halo_Br_1          rmsd=  5.50 Å  matched=47
  [6131/6742] gnina    ligand 4gid   halo_Cl_1          rmsd=  0.91 Å  matched=47
  [6132/6742] unidock2 ligand 4gid   halo_Cl_1          rmsd=  9.51 Å  matched=47
  [6133/6742] surfdock ligand 4gid   halo_Cl_1          rmsd=  2.35 Å  matched=47
  [6134/6742] gnina    ligand 4gid   halo_F_1           rmsd=  0.55 Å  matched=47
  [6135/6742] unidock2 ligand 4gid   halo_F_1           rmsd= 11.35 Å  matched=47
  [6136/6742] surfdock ligand 4gid   halo_F_1           rmsd=  6.24 Å  matched=47
  [6137/6742] gnina    ligand 4gid   meth_1             rmsd=  1.03 Å  matched=47
  [6138/6742] unidock2 ligand 4gid   meth_1             rmsd=  9.91 Å  matched=47
  [6139/6742] surfdock ligand 4gid   meth_1             rmsd=  5.50 Å  matched=47
  [6140/6742] gnina    ligand 4gid   wt                 rmsd=  2.67 Å  matched=47
  [6141/6742] unidock2 ligand 4gid   wt                 rmsd= 12.03 Å  matched=47
  [6142/6742] surfdock ligand 4gid   wt                 rmsd=  3.54 Å  matched=47
  [6143/6742] gnina    ligand 4gkm   halo_Br_1          rmsd=  1.80 Å  matched=20
  [6144/6742] unidock2 ligand 4gkm   halo_Br_1          rmsd=  5.82 Å  matched=20
  [6145/6742] surfdock ligand 4gkm   halo_Br_1          rmsd=  5.49 Å  matched=20
  [6146/6742] gnina    ligand 4gkm   halo_Cl_1          rmsd=  1.72 Å  matched=20
  [6147/6742] unidock2 ligand 4gkm   halo_Cl_1          rmsd=  5.82 Å  matched=20
  [6148/6742] surfdock ligand 4gkm   halo_Cl_1          rmsd=  5.30 Å  matched=20
  [6149/6742] gnina    ligand 4gkm   halo_F_1           rmsd=  5.61 Å  matched=20
  [6150/6742] unidock2 ligand 4gkm   halo_F_1           rmsd=  1.43 Å  matched=20
  [6151/6742] surfdock ligand 4gkm   halo_F_1           rmsd=  2.11 Å  matched=20
  [6152/6742] gnina    ligand 4gkm   wt                 rmsd=  1.05 Å  matched=20
  [6153/6742] unidock2 ligand 4gkm   wt                 rmsd=  6.73 Å  matched=20
  [6154/6742] surfdock ligand 4gkm   wt                 rmsd=  2.08 Å  matched=20
  [6155/6742] gnina    ligand 4gr0   halo_Br_1          rmsd=  2.60 Å  matched=44
  [6156/6742] unidock2 ligand 4gr0   halo_Br_1          rmsd=  6.95 Å  matched=44
  [6157/6742] surfdock ligand 4gr0   halo_Br_1          rmsd=  3.41 Å  matched=44
  [6158/6742] gnina    ligand 4gr0   halo_Cl_1          rmsd=  2.73 Å  matched=44
  [6159/6742] unidock2 ligand 4gr0   halo_Cl_1          rmsd=  7.09 Å  matched=44
  [6160/6742] surfdock ligand 4gr0   halo_Cl_1          rmsd=  3.80 Å  matched=44
  [6161/6742] gnina    ligand 4gr0   halo_F_1           rmsd=  3.00 Å  matched=44
  [6162/6742] unidock2 ligand 4gr0   halo_F_1           rmsd=  2.90 Å  matched=44
  [6163/6742] surfdock ligand 4gr0   halo_F_1           rmsd=  3.85 Å  matched=44
  [6164/6742] gnina    ligand 4gr0   wt                 rmsd=  1.48 Å  matched=44
  [6165/6742] unidock2 ligand 4gr0   wt                 rmsd=  6.60 Å  matched=44
  [6166/6742] surfdock ligand 4gr0   wt                 rmsd=  5.00 Å  matched=44
  [6167/6742] gnina    ligand 4hge   halo_Br_1          rmsd=  2.59 Å  matched=25
  [6168/6742] unidock2 ligand 4hge   halo_Br_1          rmsd=  4.42 Å  matched=25
  [6169/6742] surfdock ligand 4hge   halo_Br_1          rmsd=  1.58 Å  matched=25
  [6170/6742] gnina    ligand 4hge   halo_Cl_1          rmsd=  4.51 Å  matched=25
  [6171/6742] unidock2 ligand 4hge   halo_Cl_1          rmsd=  4.23 Å  matched=25
  [6172/6742] surfdock ligand 4hge   halo_Cl_1          rmsd=  1.92 Å  matched=25
  [6173/6742] gnina    ligand 4hge   halo_F_1           rmsd=  2.63 Å  matched=25
  [6174/6742] unidock2 ligand 4hge   halo_F_1           rmsd=  3.17 Å  matched=25
  [6175/6742] surfdock ligand 4hge   halo_F_1           rmsd=  4.11 Å  matched=25
  [6176/6742] gnina    ligand 4hge   wt                 rmsd=  5.30 Å  matched=25
  [6177/6742] unidock2 ligand 4hge   wt                 rmsd=  6.04 Å  matched=25
  [6178/6742] surfdock ligand 4hge   wt                 rmsd=  1.09 Å  matched=25
  [6179/6742] gnina    ligand 4ih5   halo_Br_1          rmsd=  6.94 Å  matched=17
  [6180/6742] unidock2 ligand 4ih5   halo_Br_1          rmsd=  5.75 Å  matched=17
  [6181/6742] surfdock ligand 4ih5   halo_Br_1          rmsd=  2.73 Å  matched=17
  [6182/6742] gnina    ligand 4ih5   halo_Cl_1          rmsd=  0.32 Å  matched=17
  [6183/6742] unidock2 ligand 4ih5   halo_Cl_1          rmsd=  5.62 Å  matched=17
  [6184/6742] surfdock ligand 4ih5   halo_Cl_1          rmsd=  2.69 Å  matched=17
  [6185/6742] gnina    ligand 4ih5   halo_F_1           rmsd=  1.24 Å  matched=17
  [6186/6742] unidock2 ligand 4ih5   halo_F_1           rmsd=  1.30 Å  matched=17
  [6187/6742] surfdock ligand 4ih5   halo_F_1           rmsd=  2.20 Å  matched=17
  [6188/6742] gnina    ligand 4ih5   wt                 rmsd=  2.49 Å  matched=17
  [6189/6742] unidock2 ligand 4ih5   wt                 rmsd=  1.47 Å  matched=17
  [6190/6742] surfdock ligand 4ih5   wt                 rmsd=  2.37 Å  matched=17
  [6191/6742] gnina    ligand 4ih7   halo_Br_1          rmsd=  0.28 Å  matched=17
  [6192/6742] unidock2 ligand 4ih7   halo_Br_1          rmsd=  2.04 Å  matched=17
  [6193/6742] surfdock ligand 4ih7   halo_Br_1          rmsd=  5.57 Å  matched=17
  [6194/6742] gnina    ligand 4ih7   halo_Cl_1          rmsd=  0.92 Å  matched=17
  [6195/6742] unidock2 ligand 4ih7   halo_Cl_1          rmsd=  1.09 Å  matched=17
  [6196/6742] surfdock ligand 4ih7   halo_Cl_1          rmsd=  1.65 Å  matched=17
  [6197/6742] gnina    ligand 4ih7   halo_F_1           rmsd=  0.96 Å  matched=17
  [6198/6742] unidock2 ligand 4ih7   halo_F_1           rmsd=  1.09 Å  matched=17
  [6199/6742] surfdock ligand 4ih7   halo_F_1           rmsd=  1.92 Å  matched=17
  [6200/6742] gnina    ligand 4ih7   wt                 rmsd=  0.95 Å  matched=17
  [6201/6742] unidock2 ligand 4ih7   wt                 rmsd=  1.26 Å  matched=17
  [6202/6742] surfdock ligand 4ih7   wt                 rmsd=  2.05 Å  matched=17
  [6203/6742] gnina    ligand 4ivb   halo_Br_1          rmsd=  4.15 Å  matched=23
  [6204/6742] unidock2 ligand 4ivb   halo_Br_1          rmsd=  2.12 Å  matched=23
  [6205/6742] surfdock ligand 4ivb   halo_Br_1          rmsd=  1.70 Å  matched=23
  [6206/6742] gnina    ligand 4ivb   halo_Cl_1          rmsd=  1.70 Å  matched=23
  [6207/6742] unidock2 ligand 4ivb   halo_Cl_1          rmsd=  2.21 Å  matched=23
  [6208/6742] surfdock ligand 4ivb   halo_Cl_1          rmsd=  1.40 Å  matched=23
  [6209/6742] gnina    ligand 4ivb   halo_F_1           rmsd=  0.22 Å  matched=23
  [6210/6742] unidock2 ligand 4ivb   halo_F_1           rmsd=  0.14 Å  matched=23
  [6211/6742] surfdock ligand 4ivb   halo_F_1           rmsd=  4.79 Å  matched=23
  [6212/6742] gnina    ligand 4ivb   meth_1             rmsd=  0.98 Å  matched=23
  [6213/6742] unidock2 ligand 4ivb   meth_1             rmsd=  0.98 Å  matched=23
  [6214/6742] surfdock ligand 4ivb   meth_1             rmsd=  1.21 Å  matched=23
  [6215/6742] gnina    ligand 4ivb   wt                 rmsd=  0.25 Å  matched=23
  [6216/6742] unidock2 ligand 4ivb   wt                 rmsd=  0.26 Å  matched=23
  [6217/6742] surfdock ligand 4ivb   wt                 rmsd=  0.63 Å  matched=23
  [6218/6742] gnina    ligand 4ivc   halo_Br_1          rmsd=  4.32 Å  matched=24
  [6219/6742] unidock2 ligand 4ivc   halo_Br_1          rmsd=  2.84 Å  matched=24
  [6220/6742] surfdock ligand 4ivc   halo_Br_1          rmsd=  1.56 Å  matched=24
  [6221/6742] gnina    ligand 4ivc   halo_Cl_1          rmsd=  1.18 Å  matched=24
  [6222/6742] unidock2 ligand 4ivc   halo_Cl_1          rmsd=  2.57 Å  matched=24
  [6223/6742] surfdock ligand 4ivc   halo_Cl_1          rmsd=  5.34 Å  matched=24
  [6224/6742] gnina    ligand 4ivc   halo_F_1           rmsd=  0.30 Å  matched=24
  [6225/6742] unidock2 ligand 4ivc   halo_F_1           rmsd=  0.32 Å  matched=24
  [6226/6742] surfdock ligand 4ivc   halo_F_1           rmsd=  1.20 Å  matched=24
  [6227/6742] gnina    ligand 4ivc   meth_1             rmsd=  0.98 Å  matched=24
  [6228/6742] unidock2 ligand 4ivc   meth_1             rmsd=  1.28 Å  matched=24
  [6229/6742] surfdock ligand 4ivc   meth_1             rmsd=  0.93 Å  matched=24
  [6230/6742] gnina    ligand 4ivc   wt                 rmsd=  0.51 Å  matched=24
  [6231/6742] unidock2 ligand 4ivc   wt                 rmsd=  0.50 Å  matched=24
  [6232/6742] surfdock ligand 4ivc   wt                 rmsd=  1.27 Å  matched=24
  [6233/6742] gnina    ligand 4ivd   halo_Br_1          rmsd=  2.37 Å  matched=25
  [6234/6742] unidock2 ligand 4ivd   halo_Br_1          rmsd=  4.36 Å  matched=25
  [6235/6742] surfdock ligand 4ivd   halo_Br_1          rmsd=  5.48 Å  matched=25
  [6236/6742] gnina    ligand 4ivd   halo_Cl_1          rmsd=  1.94 Å  matched=25
  [6237/6742] unidock2 ligand 4ivd   halo_Cl_1          rmsd=  2.22 Å  matched=25
  [6238/6742] surfdock ligand 4ivd   halo_Cl_1          rmsd=  5.87 Å  matched=25
  [6239/6742] gnina    ligand 4ivd   halo_F_1           rmsd=  0.51 Å  matched=25
  [6240/6742] unidock2 ligand 4ivd   halo_F_1           rmsd=  1.15 Å  matched=25
  [6241/6742] surfdock ligand 4ivd   halo_F_1           rmsd=  5.86 Å  matched=25
  [6242/6742] gnina    ligand 4ivd   meth_1             rmsd=  1.52 Å  matched=25
  [6243/6742] unidock2 ligand 4ivd   meth_1             rmsd=  1.79 Å  matched=25
  [6244/6742] surfdock ligand 4ivd   meth_1             rmsd=  5.77 Å  matched=25
  [6245/6742] gnina    ligand 4ivd   wt                 rmsd=  1.31 Å  matched=25
  [6246/6742] unidock2 ligand 4ivd   wt                 rmsd=  2.44 Å  matched=25
  [6247/6742] surfdock ligand 4ivd   wt                 rmsd=  5.63 Å  matched=25
  [6248/6742] gnina    ligand 4j21   halo_Br_1          rmsd=  1.26 Å  matched=20
  [6249/6742] unidock2 ligand 4j21   halo_Br_1          rmsd=  1.30 Å  matched=20
  [6250/6742] surfdock ligand 4j21   halo_Br_1          rmsd=  4.56 Å  matched=20
  [6251/6742] gnina    ligand 4j21   halo_Cl_1          rmsd=  1.25 Å  matched=20
  [6252/6742] unidock2 ligand 4j21   halo_Cl_1          rmsd=  1.27 Å  matched=20
  [6253/6742] surfdock ligand 4j21   halo_Cl_1          rmsd=  4.38 Å  matched=20
  [6254/6742] gnina    ligand 4j21   halo_F_1           rmsd=  0.36 Å  matched=20
  [6255/6742] unidock2 ligand 4j21   halo_F_1           rmsd=  0.39 Å  matched=20
  [6256/6742] surfdock ligand 4j21   halo_F_1           rmsd=  4.18 Å  matched=20
  [6257/6742] gnina    ligand 4j21   wt                 rmsd=  0.22 Å  matched=20
  [6258/6742] unidock2 ligand 4j21   wt                 rmsd=  0.28 Å  matched=20
  [6259/6742] surfdock ligand 4j21   wt                 rmsd=  4.67 Å  matched=20
  [6260/6742] gnina    ligand 4j28   halo_Br_1          rmsd=  1.76 Å  matched=17
  [6261/6742] unidock2 ligand 4j28   halo_Br_1          rmsd=  1.47 Å  matched=17
  [6262/6742] surfdock ligand 4j28   halo_Br_1          rmsd=  2.76 Å  matched=17
  [6263/6742] gnina    ligand 4j28   halo_Cl_1          rmsd=  1.31 Å  matched=17
  [6264/6742] unidock2 ligand 4j28   halo_Cl_1          rmsd=  1.69 Å  matched=17
  [6265/6742] surfdock ligand 4j28   halo_Cl_1          rmsd=  2.88 Å  matched=17
  [6266/6742] gnina    ligand 4j28   halo_F_1           rmsd=  1.53 Å  matched=17
  [6267/6742] unidock2 ligand 4j28   halo_F_1           rmsd=  6.25 Å  matched=17
  [6268/6742] surfdock ligand 4j28   halo_F_1           rmsd=  2.65 Å  matched=17
  [6269/6742] gnina    ligand 4j28   meth_1             rmsd=  3.66 Å  matched=17
  [6270/6742] unidock2 ligand 4j28   meth_1             rmsd=  3.12 Å  matched=17
  [6271/6742] surfdock ligand 4j28   meth_1             rmsd=  3.14 Å  matched=17
  [6272/6742] gnina    ligand 4j28   meth_2             rmsd=  3.90 Å  matched=17
  [6273/6742] unidock2 ligand 4j28   meth_2             rmsd=  3.29 Å  matched=17
  [6274/6742] surfdock ligand 4j28   meth_2             rmsd=  3.63 Å  matched=17
  [6275/6742] gnina    ligand 4j28   wt                 rmsd=  3.23 Å  matched=17
  [6276/6742] unidock2 ligand 4j28   wt                 rmsd=  3.19 Å  matched=17
  [6277/6742] surfdock ligand 4j28   wt                 rmsd=  3.89 Å  matched=17
  [6278/6742] gnina    ligand 4j3l   halo_Br_1          rmsd=  2.21 Å  matched=26
  [6279/6742] unidock2 ligand 4j3l   halo_Br_1          rmsd=  1.53 Å  matched=26
  [6280/6742] surfdock ligand 4j3l   halo_Br_1          rmsd=  6.84 Å  matched=26
  [6281/6742] gnina    ligand 4j3l   halo_Cl_1          rmsd=  2.19 Å  matched=26
  [6282/6742] unidock2 ligand 4j3l   halo_Cl_1          rmsd=  1.03 Å  matched=26
  [6283/6742] surfdock ligand 4j3l   halo_Cl_1          rmsd=  6.73 Å  matched=26
  [6284/6742] gnina    ligand 4j3l   halo_F_1           rmsd=  1.40 Å  matched=26
  [6285/6742] unidock2 ligand 4j3l   halo_F_1           rmsd=  2.32 Å  matched=26
  [6286/6742] surfdock ligand 4j3l   halo_F_1           rmsd=  6.79 Å  matched=26
  [6287/6742] gnina    ligand 4j3l   wt                 rmsd=  1.37 Å  matched=26
  [6288/6742] unidock2 ligand 4j3l   wt                 rmsd=  1.32 Å  matched=26
  [6289/6742] surfdock ligand 4j3l   wt                 rmsd=  6.71 Å  matched=26
  [6290/6742] gnina    ligand 4jfs   halo_Br_1          rmsd=  1.63 Å  matched=17
  [6291/6742] unidock2 ligand 4jfs   halo_Br_1          rmsd=  1.65 Å  matched=17
  [6292/6742] surfdock ligand 4jfs   halo_Br_1          rmsd=  3.34 Å  matched=17
  [6293/6742] gnina    ligand 4jfs   halo_Cl_1          rmsd=  2.08 Å  matched=17
  [6294/6742] unidock2 ligand 4jfs   halo_Cl_1          rmsd=  3.33 Å  matched=17
  [6295/6742] surfdock ligand 4jfs   halo_Cl_1          rmsd=  3.05 Å  matched=17
  [6296/6742] gnina    ligand 4jfs   halo_F_1           rmsd=  1.55 Å  matched=17
  [6297/6742] unidock2 ligand 4jfs   halo_F_1           rmsd=  6.04 Å  matched=17
  [6298/6742] surfdock ligand 4jfs   halo_F_1           rmsd=  2.75 Å  matched=17
  [6299/6742] gnina    ligand 4jfs   meth_1             rmsd=  5.82 Å  matched=17
  [6300/6742] unidock2 ligand 4jfs   meth_1             rmsd=  5.82 Å  matched=17
  [6301/6742] surfdock ligand 4jfs   meth_1             rmsd=  2.51 Å  matched=17
  [6302/6742] gnina    ligand 4jfs   meth_2             rmsd=  7.19 Å  matched=17
  [6303/6742] unidock2 ligand 4jfs   meth_2             rmsd=  5.83 Å  matched=17
  [6304/6742] surfdock ligand 4jfs   meth_2             rmsd=  4.02 Å  matched=17
  [6305/6742] gnina    ligand 4jfs   wt                 rmsd=  2.15 Å  matched=17
  [6306/6742] unidock2 ligand 4jfs   wt                 rmsd=  2.73 Å  matched=17
  [6307/6742] surfdock ligand 4jfs   wt                 rmsd=  2.40 Å  matched=17
  [6308/6742] gnina    ligand 4jia   halo_Br_1          rmsd=  1.78 Å  matched=31
  [6309/6742] unidock2 ligand 4jia   halo_Br_1          rmsd=  9.37 Å  matched=31
  [6310/6742] surfdock ligand 4jia   halo_Br_1          rmsd=  1.43 Å  matched=31
  [6311/6742] gnina    ligand 4jia   halo_Cl_1          rmsd=  1.75 Å  matched=31
  [6312/6742] unidock2 ligand 4jia   halo_Cl_1          rmsd=  9.88 Å  matched=31
  [6313/6742] surfdock ligand 4jia   halo_Cl_1          rmsd=  1.28 Å  matched=31
  [6314/6742] gnina    ligand 4jia   halo_F_1           rmsd=  1.38 Å  matched=31
  [6315/6742] unidock2 ligand 4jia   halo_F_1           rmsd=  1.60 Å  matched=31
  [6316/6742] surfdock ligand 4jia   halo_F_1           rmsd=  2.29 Å  matched=31
  [6317/6742] gnina    ligand 4jia   wt                 rmsd=  0.83 Å  matched=31
  [6318/6742] unidock2 ligand 4jia   wt                 rmsd=  1.54 Å  matched=31
  [6319/6742] surfdock ligand 4jia   wt                 rmsd=  4.50 Å  matched=31
  [6320/6742] gnina    ligand 4jsz   halo_Br_1          rmsd=  4.23 Å  matched=10
  [6321/6742] unidock2 ligand 4jsz   halo_Br_1          rmsd=  2.11 Å  matched=10
  [6322/6742] surfdock ligand 4jsz   halo_Br_1          rmsd=  1.73 Å  matched=10
  [6323/6742] gnina    ligand 4jsz   halo_Cl_1          rmsd=  4.32 Å  matched=10
  [6324/6742] unidock2 ligand 4jsz   halo_Cl_1          rmsd=  3.98 Å  matched=10
  [6325/6742] surfdock ligand 4jsz   halo_Cl_1          rmsd=  2.62 Å  matched=10
  [6326/6742] gnina    ligand 4jsz   halo_F_1           rmsd=  3.86 Å  matched=10
  [6327/6742] unidock2 ligand 4jsz   halo_F_1           rmsd=  3.87 Å  matched=10
  [6328/6742] surfdock ligand 4jsz   halo_F_1           rmsd=  2.37 Å  matched=10
  [6329/6742] gnina    ligand 4jsz   wt                 rmsd=  4.02 Å  matched=10
  [6330/6742] unidock2 ligand 4jsz   wt                 rmsd= 11.67 Å  matched=10
  [6331/6742] surfdock ligand 4jsz   wt                 rmsd=  2.83 Å  matched=10
  [6332/6742] gnina    ligand 4jxs   halo_Br_1          rmsd=  2.20 Å  matched=22
  [6333/6742] unidock2 ligand 4jxs   halo_Br_1          rmsd=  2.73 Å  matched=22
  [6334/6742] surfdock ligand 4jxs   halo_Br_1          rmsd=  3.71 Å  matched=22
  [6335/6742] gnina    ligand 4jxs   halo_Cl_1          rmsd=  2.92 Å  matched=22
  [6336/6742] unidock2 ligand 4jxs   halo_Cl_1          rmsd=  2.97 Å  matched=22
  [6337/6742] surfdock ligand 4jxs   halo_Cl_1          rmsd=  3.79 Å  matched=22
  [6338/6742] gnina    ligand 4jxs   halo_F_1           rmsd=  2.66 Å  matched=22
  [6339/6742] unidock2 ligand 4jxs   halo_F_1           rmsd=  2.82 Å  matched=22
  [6340/6742] surfdock ligand 4jxs   halo_F_1           rmsd=  3.69 Å  matched=22
  [6341/6742] gnina    ligand 4jxs   wt                 rmsd=  3.52 Å  matched=22
  [6342/6742] unidock2 ligand 4jxs   wt                 rmsd=  3.10 Å  matched=22
  [6343/6742] surfdock ligand 4jxs   wt                 rmsd=  3.82 Å  matched=22
  [6344/6742] gnina    ligand 4k18   halo_Br_1          rmsd=  1.11 Å  matched=29
  [6345/6742] unidock2 ligand 4k18   halo_Br_1          rmsd=  1.50 Å  matched=29
  [6346/6742] surfdock ligand 4k18   halo_Br_1          rmsd=  6.13 Å  matched=29
  [6347/6742] gnina    ligand 4k18   halo_Cl_1          rmsd=  1.09 Å  matched=29
  [6348/6742] unidock2 ligand 4k18   halo_Cl_1          rmsd=  1.10 Å  matched=29
  [6349/6742] surfdock ligand 4k18   halo_Cl_1          rmsd=  4.56 Å  matched=29
  [6350/6742] gnina    ligand 4k18   halo_F_1           rmsd=  1.09 Å  matched=29
  [6351/6742] unidock2 ligand 4k18   halo_F_1           rmsd=  4.58 Å  matched=29
  [6352/6742] surfdock ligand 4k18   halo_F_1           rmsd=  1.79 Å  matched=29
  [6353/6742] gnina    ligand 4k18   wt                 rmsd=  0.65 Å  matched=29
  [6354/6742] unidock2 ligand 4k18   wt                 rmsd=  1.51 Å  matched=29
  [6355/6742] surfdock ligand 4k18   wt                 rmsd=  4.18 Å  matched=29
  [6356/6742] gnina    ligand 4k77   halo_Br_1          rmsd=  1.23 Å  matched=18
  [6357/6742] unidock2 ligand 4k77   halo_Br_1          rmsd=  1.21 Å  matched=18
  [6358/6742] surfdock ligand 4k77   halo_Br_1          rmsd=  4.31 Å  matched=18
  [6359/6742] gnina    ligand 4k77   halo_Cl_1          rmsd=  1.21 Å  matched=18
  [6360/6742] unidock2 ligand 4k77   halo_Cl_1          rmsd=  1.24 Å  matched=18
  [6361/6742] surfdock ligand 4k77   halo_Cl_1          rmsd=  4.30 Å  matched=18
  [6362/6742] gnina    ligand 4k77   halo_F_1           rmsd=  1.23 Å  matched=18
  [6363/6742] unidock2 ligand 4k77   halo_F_1           rmsd=  1.30 Å  matched=18
  [6364/6742] surfdock ligand 4k77   halo_F_1           rmsd=  3.90 Å  matched=18
  [6365/6742] gnina    ligand 4k77   wt                 rmsd=  0.96 Å  matched=18
  [6366/6742] unidock2 ligand 4k77   wt                 rmsd=  3.13 Å  matched=18
  [6367/6742] surfdock ligand 4k77   wt                 rmsd=  3.60 Å  matched=18
  [6368/6742] gnina    ligand 4kz6   chrg_neu_ethyl     rmsd=  6.55 Å  matched=13
  [6369/6742] unidock2 ligand 4kz6   chrg_neu_ethyl     rmsd=  4.84 Å  matched=13
  [6370/6742] surfdock ligand 4kz6   chrg_neu_ethyl     rmsd=  4.96 Å  matched=13
  [6371/6742] gnina    ligand 4kz6   chrg_neu_methyl    rmsd=  8.20 Å  matched=13
  [6372/6742] unidock2 ligand 4kz6   chrg_neu_methyl    rmsd=  3.49 Å  matched=13
  [6373/6742] surfdock ligand 4kz6   chrg_neu_methyl    rmsd=  4.55 Å  matched=13
  [6374/6742] gnina    ligand 4kz6   chrg_neu_propyl    rmsd=  6.03 Å  matched=13
  [6375/6742] unidock2 ligand 4kz6   chrg_neu_propyl    rmsd=  4.28 Å  matched=13
  [6376/6742] surfdock ligand 4kz6   chrg_neu_propyl    rmsd=  4.73 Å  matched=13
  [6377/6742] gnina    ligand 4kz6   chrg_pos_1         rmsd=  7.06 Å  matched=13
  [6378/6742] unidock2 ligand 4kz6   chrg_pos_1         rmsd=  2.00 Å  matched=13
  [6379/6742] surfdock ligand 4kz6   chrg_pos_1         rmsd=  3.94 Å  matched=13
  [6380/6742] gnina    ligand 4kz6   chrg_pos_2         rmsd=  2.27 Å  matched=13
  [6381/6742] unidock2 ligand 4kz6   chrg_pos_2         rmsd=  3.91 Å  matched=13
  [6382/6742] surfdock ligand 4kz6   chrg_pos_2         rmsd=  4.01 Å  matched=13
  [6383/6742] gnina    ligand 4kz6   chrg_pos_3         rmsd=  6.46 Å  matched=13
  [6384/6742] unidock2 ligand 4kz6   chrg_pos_3         rmsd=  4.79 Å  matched=13
  [6385/6742] surfdock ligand 4kz6   chrg_pos_3         rmsd=  3.44 Å  matched=13
  [6386/6742] gnina    ligand 4kz6   wt                 rmsd=  6.06 Å  matched=15
  [6387/6742] unidock2 ligand 4kz6   wt                 rmsd=  0.78 Å  matched=15
  [6388/6742] surfdock ligand 4kz6   wt                 rmsd=  4.20 Å  matched=15
  [6389/6742] gnina    ligand 4llx   halo_Br_1          rmsd=  2.90 Å  matched=9
  [6390/6742] unidock2 ligand 4llx   halo_Br_1          rmsd=  3.71 Å  matched=9
  [6391/6742] surfdock ligand 4llx   halo_Br_1          rmsd=  2.87 Å  matched=9
  [6392/6742] gnina    ligand 4llx   halo_Cl_1          rmsd=  3.33 Å  matched=9
  [6393/6742] unidock2 ligand 4llx   halo_Cl_1          rmsd=  3.73 Å  matched=9
  [6394/6742] surfdock ligand 4llx   halo_Cl_1          rmsd=  2.83 Å  matched=9
  [6395/6742] gnina    ligand 4llx   halo_F_1           rmsd=  0.14 Å  matched=9
  [6396/6742] unidock2 ligand 4llx   halo_F_1           rmsd= 10.51 Å  matched=9
  [6397/6742] surfdock ligand 4llx   halo_F_1           rmsd=  1.26 Å  matched=9
  [6398/6742] gnina    ligand 4llx   wt                 rmsd=  2.82 Å  matched=9
  [6399/6742] unidock2 ligand 4llx   wt                 rmsd= 10.76 Å  matched=9
  [6400/6742] surfdock ligand 4llx   wt                 rmsd=  1.72 Å  matched=9
  [6401/6742] gnina    ligand 4lzs   wt                 rmsd=  0.53 Å  matched=15
  [6402/6742] unidock2 ligand 4lzs   wt                 rmsd=  0.53 Å  matched=15
  [6403/6742] surfdock ligand 4lzs   wt                 rmsd=  2.24 Å  matched=15
  [6404/6742] gnina    ligand 4m0y   halo_Br_1          rmsd=  4.97 Å  matched=22
  [6405/6742] unidock2 ligand 4m0y   halo_Br_1          rmsd=  5.26 Å  matched=22
  [6406/6742] surfdock ligand 4m0y   halo_Br_1          rmsd=  3.64 Å  matched=22
  [6407/6742] gnina    ligand 4m0y   halo_Cl_1          rmsd=  4.96 Å  matched=22
  [6408/6742] unidock2 ligand 4m0y   halo_Cl_1          rmsd=  7.58 Å  matched=22
  [6409/6742] surfdock ligand 4m0y   halo_Cl_1          rmsd=  3.71 Å  matched=22
  [6410/6742] gnina    ligand 4m0y   halo_F_1           rmsd=  3.54 Å  matched=22
  [6411/6742] unidock2 ligand 4m0y   halo_F_1           rmsd=  7.39 Å  matched=22
  [6412/6742] surfdock ligand 4m0y   halo_F_1           rmsd=  3.69 Å  matched=22
  [6413/6742] gnina    ligand 4m0y   wt                 rmsd=  5.37 Å  matched=22
  [6414/6742] unidock2 ligand 4m0y   wt                 rmsd= 15.69 Å  matched=22
  [6415/6742] surfdock ligand 4m0y   wt                 rmsd=  3.78 Å  matched=22
  [6416/6742] gnina    ligand 4m0z   halo_Br_1          rmsd=  0.75 Å  matched=29
  [6417/6742] unidock2 ligand 4m0z   halo_Br_1          rmsd=  0.77 Å  matched=24
  [6418/6742] surfdock ligand 4m0z   halo_Br_1          rmsd= 13.93 Å  matched=24
  [6419/6742] gnina    ligand 4m0z   halo_Cl_1          rmsd=  0.67 Å  matched=29
  [6420/6742] unidock2 ligand 4m0z   halo_Cl_1          rmsd=  0.56 Å  matched=24
  [6421/6742] surfdock ligand 4m0z   halo_Cl_1          rmsd= 12.95 Å  matched=24
  [6422/6742] gnina    ligand 4m0z   halo_F_1           rmsd=  0.64 Å  matched=29
  [6423/6742] unidock2 ligand 4m0z   halo_F_1           rmsd=  0.62 Å  matched=24
  [6424/6742] surfdock ligand 4m0z   halo_F_1           rmsd=  3.04 Å  matched=24
  [6425/6742] gnina    ligand 4m0z   wt                 rmsd=  0.68 Å  matched=29
  [6426/6742] unidock2 ligand 4m0z   wt                 rmsd=  0.64 Å  matched=24
  [6427/6742] surfdock ligand 4m0z   wt                 rmsd=  4.71 Å  matched=24
  [6428/6742] gnina    ligand 4mgd   halo_Br_1          rmsd=  5.25 Å  matched=19
  [6429/6742] unidock2 ligand 4mgd   halo_Br_1          rmsd=  1.35 Å  matched=19
  [6430/6742] surfdock ligand 4mgd   halo_Br_1          rmsd=  8.17 Å  matched=19
  [6431/6742] gnina    ligand 4mgd   halo_Cl_1          rmsd=  5.22 Å  matched=19
  [6432/6742] unidock2 ligand 4mgd   halo_Cl_1          rmsd=  1.30 Å  matched=19
  [6433/6742] surfdock ligand 4mgd   halo_Cl_1          rmsd=  9.17 Å  matched=19
  [6434/6742] gnina    ligand 4mgd   halo_F_1           rmsd=  5.25 Å  matched=19
  [6435/6742] unidock2 ligand 4mgd   halo_F_1           rmsd=  1.92 Å  matched=19
  [6436/6742] surfdock ligand 4mgd   halo_F_1           rmsd=  8.61 Å  matched=19
  [6437/6742] gnina    ligand 4mgd   wt                 rmsd=  1.75 Å  matched=19
  [6438/6742] unidock2 ligand 4mgd   wt                 rmsd=  1.33 Å  matched=19
  [6439/6742] surfdock ligand 4mgd   wt                 rmsd=  7.92 Å  matched=19
  [6440/6742] gnina    ligand 4mme   halo_Br_1          rmsd=  1.30 Å  matched=20
  [6441/6742] unidock2 ligand 4mme   halo_Br_1          rmsd=  6.37 Å  matched=20
  [6442/6742] surfdock ligand 4mme   halo_Br_1          rmsd=  1.76 Å  matched=20
  [6443/6742] gnina    ligand 4mme   halo_Cl_1          rmsd=  0.48 Å  matched=20
  [6444/6742] unidock2 ligand 4mme   halo_Cl_1          rmsd=  0.49 Å  matched=20
  [6445/6742] surfdock ligand 4mme   halo_Cl_1          rmsd=  1.42 Å  matched=20
  [6446/6742] gnina    ligand 4mme   halo_F_1           rmsd=  0.48 Å  matched=20
  [6447/6742] unidock2 ligand 4mme   halo_F_1           rmsd=  0.47 Å  matched=20
  [6448/6742] surfdock ligand 4mme   halo_F_1           rmsd=  4.74 Å  matched=20
  [6449/6742] gnina    ligand 4mme   meth_1             rmsd=  9.69 Å  matched=20
  [6450/6742] unidock2 ligand 4mme   meth_1             rmsd=  6.15 Å  matched=20
  [6451/6742] surfdock ligand 4mme   meth_1             rmsd=  1.85 Å  matched=20
  [6452/6742] gnina    ligand 4mme   wt                 rmsd=  1.27 Å  matched=20
  [6453/6742] unidock2 ligand 4mme   wt                 rmsd=  1.28 Å  matched=20
  [6454/6742] surfdock ligand 4mme   wt                 rmsd=  4.86 Å  matched=20
  [6455/6742] gnina    ligand 4ogj   halo_Br_1          rmsd=  3.99 Å  matched=37
  [6456/6742] unidock2 ligand 4ogj   halo_Br_1          rmsd=  4.10 Å  matched=37
  [6457/6742] surfdock ligand 4ogj   halo_Br_1          rmsd=  7.07 Å  matched=37
  [6458/6742] gnina    ligand 4ogj   halo_Cl_1          rmsd=  3.73 Å  matched=37
  [6459/6742] unidock2 ligand 4ogj   halo_Cl_1          rmsd=  3.76 Å  matched=37
  [6460/6742] surfdock ligand 4ogj   halo_Cl_1          rmsd=  7.04 Å  matched=37
  [6461/6742] gnina    ligand 4ogj   halo_F_1           rmsd=  3.45 Å  matched=37
  [6462/6742] unidock2 ligand 4ogj   halo_F_1           rmsd=  7.57 Å  matched=37
  [6463/6742] surfdock ligand 4ogj   halo_F_1           rmsd=  6.72 Å  matched=37
  [6464/6742] gnina    ligand 4ogj   wt                 rmsd=  3.94 Å  matched=37
  [6465/6742] unidock2 ligand 4ogj   wt                 rmsd=  8.44 Å  matched=37
  [6466/6742] surfdock ligand 4ogj   wt                 rmsd=  6.65 Å  matched=37
  [6467/6742] gnina    ligand 4qac   halo_Br_1          rmsd=  6.59 Å  matched=24
  [6468/6742] unidock2 ligand 4qac   halo_Br_1          rmsd=  6.68 Å  matched=24
  [6469/6742] surfdock ligand 4qac   halo_Br_1          rmsd=  8.20 Å  matched=24
  [6470/6742] gnina    ligand 4qac   halo_Cl_1          rmsd=  1.64 Å  matched=24
  [6471/6742] unidock2 ligand 4qac   halo_Cl_1          rmsd=  6.67 Å  matched=24
  [6472/6742] surfdock ligand 4qac   halo_Cl_1          rmsd=  1.71 Å  matched=24
  [6473/6742] gnina    ligand 4qac   halo_F_1           rmsd=  1.41 Å  matched=24
  [6474/6742] unidock2 ligand 4qac   halo_F_1           rmsd=  1.38 Å  matched=24
  [6475/6742] surfdock ligand 4qac   halo_F_1           rmsd=  1.75 Å  matched=24
  [6476/6742] gnina    ligand 4qac   wt                 rmsd=  1.18 Å  matched=24
  [6477/6742] unidock2 ligand 4qac   wt                 rmsd=  1.11 Å  matched=24
  [6478/6742] surfdock ligand 4qac   wt                 rmsd=  1.53 Å  matched=24
  [6479/6742] gnina    ligand 4qd6   halo_Br_1          rmsd=  7.91 Å  matched=35
  [6480/6742] unidock2 ligand 4qd6   halo_Br_1          rmsd=  8.87 Å  matched=35
  [6481/6742] surfdock ligand 4qd6   halo_Br_1          rmsd=  4.57 Å  matched=35
  [6482/6742] gnina    ligand 4qd6   halo_Cl_1          rmsd=  6.87 Å  matched=35
  [6483/6742] unidock2 ligand 4qd6   halo_Cl_1          rmsd=  8.61 Å  matched=35
  [6484/6742] surfdock ligand 4qd6   halo_Cl_1          rmsd=  8.84 Å  matched=35
  [6485/6742] gnina    ligand 4qd6   halo_F_1           rmsd=  6.77 Å  matched=35
  [6486/6742] unidock2 ligand 4qd6   halo_F_1           rmsd=  6.76 Å  matched=35
  [6487/6742] surfdock ligand 4qd6   halo_F_1           rmsd=  2.86 Å  matched=35
  [6488/6742] gnina    ligand 4qd6   meth_1             rmsd=  1.79 Å  matched=35
  [6489/6742] unidock2 ligand 4qd6   meth_1             rmsd=  6.66 Å  matched=35
  [6490/6742] surfdock ligand 4qd6   meth_1             rmsd=  6.88 Å  matched=35
  [6491/6742] gnina    ligand 4qd6   wt                 rmsd=  1.88 Å  matched=35
  [6492/6742] unidock2 ligand 4qd6   wt                 rmsd=  8.64 Å  matched=35
  [6493/6742] surfdock ligand 4qd6   wt                 rmsd=  4.36 Å  matched=35
  [6494/6742] gnina    ligand 4rfm   halo_Br_1          rmsd=  1.83 Å  matched=36
  [6495/6742] unidock2 ligand 4rfm   halo_Br_1          rmsd=  3.38 Å  matched=36
  [6496/6742] surfdock ligand 4rfm   halo_Br_1          rmsd=  3.94 Å  matched=36
  [6497/6742] gnina    ligand 4rfm   halo_Cl_1          rmsd=  1.83 Å  matched=36
  [6498/6742] unidock2 ligand 4rfm   halo_Cl_1          rmsd=  1.34 Å  matched=36
  [6499/6742] surfdock ligand 4rfm   halo_Cl_1          rmsd=  3.58 Å  matched=36
  [6500/6742] gnina    ligand 4rfm   halo_F_1           rmsd=  1.93 Å  matched=36
  [6501/6742] unidock2 ligand 4rfm   halo_F_1           rmsd=  3.29 Å  matched=36
  [6502/6742] surfdock ligand 4rfm   halo_F_1           rmsd=  3.72 Å  matched=36
  [6503/6742] gnina    ligand 4rfm   wt                 rmsd=  1.30 Å  matched=36
  [6504/6742] unidock2 ligand 4rfm   wt                 rmsd=  1.32 Å  matched=36
  [6505/6742] surfdock ligand 4rfm   wt                 rmsd=  1.82 Å  matched=36
  [6506/6742] gnina    ligand 4tmn   chrg_neu_ethyl     rmsd=  1.10 Å  matched=34
  [6507/6742] unidock2 ligand 4tmn   chrg_neu_ethyl     rmsd=  9.15 Å  matched=34
  [6508/6742] surfdock ligand 4tmn   chrg_neu_ethyl     rmsd=  6.21 Å  matched=34
  [6509/6742] gnina    ligand 4tmn   chrg_neu_methyl    rmsd=  2.33 Å  matched=34
  [6510/6742] unidock2 ligand 4tmn   chrg_neu_methyl    rmsd=  5.92 Å  matched=34
  [6511/6742] surfdock ligand 4tmn   chrg_neu_methyl    rmsd=  4.51 Å  matched=34
  [6512/6742] gnina    ligand 4tmn   chrg_neu_propyl    rmsd=  1.37 Å  matched=34
  [6513/6742] unidock2 ligand 4tmn   chrg_neu_propyl    rmsd=  9.74 Å  matched=34
  [6514/6742] surfdock ligand 4tmn   chrg_neu_propyl    rmsd=  6.19 Å  matched=34
  [6515/6742] gnina    ligand 4tmn   chrg_pos_1         rmsd=  1.33 Å  matched=34
  [6516/6742] unidock2 ligand 4tmn   chrg_pos_1         rmsd=  7.78 Å  matched=34
  [6517/6742] surfdock ligand 4tmn   chrg_pos_1         rmsd=  4.30 Å  matched=34
  [6518/6742] gnina    ligand 4tmn   chrg_pos_2         rmsd=  1.33 Å  matched=34
  [6519/6742] unidock2 ligand 4tmn   chrg_pos_2         rmsd=  6.57 Å  matched=34
  [6520/6742] surfdock ligand 4tmn   chrg_pos_2         rmsd=  5.68 Å  matched=34
  [6521/6742] gnina    ligand 4tmn   chrg_pos_3         rmsd=  1.41 Å  matched=34
  [6522/6742] unidock2 ligand 4tmn   chrg_pos_3         rmsd=  6.49 Å  matched=34
  [6523/6742] surfdock ligand 4tmn   chrg_pos_3         rmsd=  3.67 Å  matched=34
  [6524/6742] gnina    ligand 4tmn   halo_Br_1          rmsd=  1.26 Å  matched=36
  [6525/6742] unidock2 ligand 4tmn   halo_Br_1          rmsd=  2.11 Å  matched=36
  [6526/6742] surfdock ligand 4tmn   halo_Br_1          rmsd=  4.01 Å  matched=36
  [6527/6742] gnina    ligand 4tmn   halo_Cl_1          rmsd=  1.24 Å  matched=36
  [6528/6742] unidock2 ligand 4tmn   halo_Cl_1          rmsd=  4.65 Å  matched=36
  [6529/6742] surfdock ligand 4tmn   halo_Cl_1          rmsd=  3.65 Å  matched=36
  [6530/6742] gnina    ligand 4tmn   halo_F_1           rmsd=  1.29 Å  matched=36
  [6531/6742] unidock2 ligand 4tmn   halo_F_1           rmsd=  1.95 Å  matched=36
  [6532/6742] surfdock ligand 4tmn   halo_F_1           rmsd=  5.07 Å  matched=36
  [6533/6742] gnina    ligand 4tmn   wt                 rmsd=  0.98 Å  matched=36
  [6534/6742] unidock2 ligand 4tmn   wt                 rmsd=  2.17 Å  matched=36
  [6535/6742] surfdock ligand 4tmn   wt                 rmsd=  5.53 Å  matched=36
  [6536/6742] gnina    ligand 4twp   halo_Br_1          rmsd=  0.70 Å  matched=28
  [6537/6742] unidock2 ligand 4twp   halo_Br_1          rmsd=  0.85 Å  matched=28
  [6538/6742] surfdock ligand 4twp   halo_Br_1          rmsd=  2.53 Å  matched=28
  [6539/6742] gnina    ligand 4twp   halo_Cl_1          rmsd=  0.55 Å  matched=28
  [6540/6742] unidock2 ligand 4twp   halo_Cl_1          rmsd=  0.64 Å  matched=28
  [6541/6742] surfdock ligand 4twp   halo_Cl_1          rmsd=  2.08 Å  matched=28
  [6542/6742] gnina    ligand 4twp   halo_F_1           rmsd=  0.70 Å  matched=28
  [6543/6742] unidock2 ligand 4twp   halo_F_1           rmsd=  0.61 Å  matched=28
  [6544/6742] surfdock ligand 4twp   halo_F_1           rmsd=  2.20 Å  matched=28
  [6545/6742] gnina    ligand 4twp   wt                 rmsd=  0.69 Å  matched=28
  [6546/6742] unidock2 ligand 4twp   wt                 rmsd=  0.77 Å  matched=28
  [6547/6742] surfdock ligand 4twp   wt                 rmsd=  4.05 Å  matched=28
  [6548/6742] gnina    ligand 4ty7   halo_Br_1          rmsd=  3.42 Å  matched=35
  [6549/6742] unidock2 ligand 4ty7   halo_Br_1          rmsd=  8.39 Å  matched=35
  [6550/6742] surfdock ligand 4ty7   halo_Br_1          rmsd=  9.37 Å  matched=35
  [6551/6742] gnina    ligand 4ty7   halo_Cl_1          rmsd= 10.53 Å  matched=35
  [6552/6742] unidock2 ligand 4ty7   halo_Cl_1          rmsd=  8.71 Å  matched=35
  [6553/6742] surfdock ligand 4ty7   halo_Cl_1          rmsd=  2.87 Å  matched=35
  [6554/6742] gnina    ligand 4ty7   halo_F_1           rmsd=  9.66 Å  matched=35
  [6555/6742] unidock2 ligand 4ty7   halo_F_1           rmsd= 10.09 Å  matched=35
  [6556/6742] surfdock ligand 4ty7   halo_F_1           rmsd=  2.77 Å  matched=35
  [6557/6742] gnina    ligand 4ty7   wt                 rmsd=  9.71 Å  matched=35
  [6558/6742] unidock2 ligand 4ty7   wt                 rmsd=  4.38 Å  matched=35
  [6559/6742] surfdock ligand 4ty7   wt                 rmsd=  7.07 Å  matched=35
  [6560/6742] gnina    ligand 4u4s   halo_Br_1          rmsd=  8.94 Å  matched=14
  [6561/6742] unidock2 ligand 4u4s   halo_Br_1          rmsd=  7.84 Å  matched=14
  [6562/6742] surfdock ligand 4u4s   halo_Br_1          rmsd=  1.98 Å  matched=14
  [6563/6742] gnina    ligand 4u4s   halo_Cl_1          rmsd=  8.87 Å  matched=14
  [6564/6742] unidock2 ligand 4u4s   halo_Cl_1          rmsd=  9.24 Å  matched=14
  [6565/6742] surfdock ligand 4u4s   halo_Cl_1          rmsd=  1.74 Å  matched=14
  [6566/6742] gnina    ligand 4u4s   halo_F_1           rmsd= 10.08 Å  matched=14
  [6567/6742] unidock2 ligand 4u4s   halo_F_1           rmsd=  9.19 Å  matched=14
  [6568/6742] surfdock ligand 4u4s   halo_F_1           rmsd=  1.58 Å  matched=14
  [6569/6742] gnina    ligand 4u4s   wt                 rmsd=  9.37 Å  matched=14
  [6570/6742] unidock2 ligand 4u4s   wt                 rmsd=  9.23 Å  matched=14
  [6571/6742] surfdock ligand 4u4s   wt                 rmsd=  3.58 Å  matched=14
  [6572/6742] gnina    ligand 4w9c   halo_Br_1          rmsd=  1.98 Å  matched=28
  [6573/6742] unidock2 ligand 4w9c   halo_Br_1          rmsd=  7.42 Å  matched=28
  [6574/6742] surfdock ligand 4w9c   halo_Br_1          rmsd=11000.74 Å  matched=28
  [6575/6742] gnina    ligand 4w9c   halo_Cl_1          rmsd=  1.53 Å  matched=28
  [6576/6742] unidock2 ligand 4w9c   halo_Cl_1          rmsd=  1.22 Å  matched=28
  [6577/6742] surfdock ligand 4w9c   halo_Cl_1          rmsd=48520.67 Å  matched=28
  [6578/6742] gnina    ligand 4w9c   halo_F_1           rmsd=  1.75 Å  matched=28
  [6579/6742] unidock2 ligand 4w9c   halo_F_1           rmsd= 12.02 Å  matched=28
  [6580/6742] surfdock ligand 4w9c   halo_F_1           rmsd= 13.30 Å  matched=28
  [6581/6742] gnina    ligand 4w9c   meth_1             rmsd=  2.96 Å  matched=28
  [6582/6742] unidock2 ligand 4w9c   meth_1             rmsd=  9.10 Å  matched=28
  [6583/6742] surfdock ligand 4w9c   meth_1             rmsd=  6.58 Å  matched=28
  [6584/6742] gnina    ligand 4w9c   wt                 rmsd=  1.46 Å  matched=28
  [6585/6742] unidock2 ligand 4w9c   wt                 rmsd=  6.51 Å  matched=28
  [6586/6742] surfdock ligand 4w9c   wt                 rmsd=  1.96 Å  matched=28
  [6587/6742] gnina    ligand 4w9h   halo_Br_1          rmsd=  2.83 Å  matched=33
  [6588/6742] unidock2 ligand 4w9h   halo_Br_1          rmsd= 10.49 Å  matched=33
  [6589/6742] surfdock ligand 4w9h   halo_Br_1          rmsd=  4.36 Å  matched=33
  [6590/6742] gnina    ligand 4w9h   halo_Cl_1          rmsd=  1.90 Å  matched=33
  [6591/6742] unidock2 ligand 4w9h   halo_Cl_1          rmsd= 10.23 Å  matched=33
  [6592/6742] surfdock ligand 4w9h   halo_Cl_1          rmsd=  8.87 Å  matched=33
  [6593/6742] gnina    ligand 4w9h   halo_F_1           rmsd=  1.71 Å  matched=33
  [6594/6742] unidock2 ligand 4w9h   halo_F_1           rmsd=  6.73 Å  matched=33
  [6595/6742] surfdock ligand 4w9h   halo_F_1           rmsd=  6.03 Å  matched=33
  [6596/6742] gnina    ligand 4w9h   meth_1             rmsd=  3.00 Å  matched=33
  [6597/6742] unidock2 ligand 4w9h   meth_1             rmsd=  4.45 Å  matched=33
  [6598/6742] surfdock ligand 4w9h   meth_1             rmsd=  8.38 Å  matched=33
  [6599/6742] gnina    ligand 4w9h   wt                 rmsd=  2.02 Å  matched=33
  [6600/6742] unidock2 ligand 4w9h   wt                 rmsd=  8.94 Å  matched=33
  [6601/6742] surfdock ligand 4w9h   wt                 rmsd=  4.09 Å  matched=33
  [6602/6742] gnina    ligand 4w9i   halo_Br_1          rmsd=  1.54 Å  matched=33
  [6603/6742] unidock2 ligand 4w9i   halo_Br_1          rmsd=  7.64 Å  matched=33
  [6604/6742] surfdock ligand 4w9i   halo_Br_1          rmsd=  9.13 Å  matched=33
  [6605/6742] gnina    ligand 4w9i   halo_Cl_1          rmsd= 10.14 Å  matched=33
  [6606/6742] unidock2 ligand 4w9i   halo_Cl_1          rmsd=  9.26 Å  matched=33
  [6607/6742] surfdock ligand 4w9i   halo_Cl_1          rmsd=  7.76 Å  matched=33
  [6608/6742] gnina    ligand 4w9i   halo_F_1           rmsd=  6.29 Å  matched=33
  [6609/6742] unidock2 ligand 4w9i   halo_F_1           rmsd=  9.33 Å  matched=33
  [6610/6742] surfdock ligand 4w9i   halo_F_1           rmsd=  8.62 Å  matched=33
  [6611/6742] gnina    ligand 4w9i   meth_1             rmsd=  4.49 Å  matched=33
  [6612/6742] unidock2 ligand 4w9i   meth_1             rmsd=  9.31 Å  matched=33
  [6613/6742] surfdock ligand 4w9i   meth_1             rmsd=  8.40 Å  matched=33
  [6614/6742] gnina    ligand 4w9i   meth_2             rmsd=  4.77 Å  matched=33
  [6615/6742] unidock2 ligand 4w9i   meth_2             rmsd=  4.59 Å  matched=33
  [6616/6742] surfdock ligand 4w9i   meth_2             rmsd=  8.72 Å  matched=33
  [6617/6742] gnina    ligand 4w9i   wt                 rmsd=  1.31 Å  matched=33
  [6618/6742] unidock2 ligand 4w9i   wt                 rmsd= 10.74 Å  matched=33
  [6619/6742] surfdock ligand 4w9i   wt                 rmsd=  7.24 Å  matched=33
  [6620/6742] gnina    ligand 4w9l   halo_Br_1          rmsd=  1.86 Å  matched=41
  [6621/6742] unidock2 ligand 4w9l   halo_Br_1          rmsd=  6.84 Å  matched=41
  [6622/6742] surfdock ligand 4w9l   halo_Br_1          rmsd=  7.87 Å  matched=41
  [6623/6742] gnina    ligand 4w9l   halo_Cl_1          rmsd=  4.31 Å  matched=41
  [6624/6742] unidock2 ligand 4w9l   halo_Cl_1          rmsd=  8.23 Å  matched=41
  [6625/6742] surfdock ligand 4w9l   halo_Cl_1          rmsd=  7.03 Å  matched=41
  [6626/6742] gnina    ligand 4w9l   halo_F_1           rmsd=  4.59 Å  matched=41
  [6627/6742] unidock2 ligand 4w9l   halo_F_1           rmsd=  7.37 Å  matched=41
  [6628/6742] surfdock ligand 4w9l   halo_F_1           rmsd=  3.09 Å  matched=41
  [6629/6742] gnina    ligand 4w9l   meth_1             rmsd=  4.19 Å  matched=41
  [6630/6742] unidock2 ligand 4w9l   meth_1             rmsd=  9.03 Å  matched=41
  [6631/6742] surfdock ligand 4w9l   meth_1             rmsd=  9.29 Å  matched=41
  [6632/6742] gnina    ligand 4w9l   wt                 rmsd=  2.03 Å  matched=41
  [6633/6742] unidock2 ligand 4w9l   wt                 rmsd=  9.05 Å  matched=41
  [6634/6742] surfdock ligand 4w9l   wt                 rmsd=  7.75 Å  matched=41
  [6635/6742] gnina    ligand 4wiv   halo_Br_1          rmsd=  1.12 Å  matched=27
  [6636/6742] unidock2 ligand 4wiv   halo_Br_1          rmsd=  1.30 Å  matched=27
  [6637/6742] surfdock ligand 4wiv   halo_Br_1          rmsd=  8.28 Å  matched=27
  [6638/6742] gnina    ligand 4wiv   halo_Cl_1          rmsd=  1.14 Å  matched=27
  [6639/6742] unidock2 ligand 4wiv   halo_Cl_1          rmsd=  4.40 Å  matched=27
  [6640/6742] surfdock ligand 4wiv   halo_Cl_1          rmsd=  8.00 Å  matched=27
  [6641/6742] gnina    ligand 4wiv   halo_F_1           rmsd=  0.96 Å  matched=27
  [6642/6742] unidock2 ligand 4wiv   halo_F_1           rmsd=  1.30 Å  matched=27
  [6643/6742] surfdock ligand 4wiv   halo_F_1           rmsd=  7.39 Å  matched=27
  [6644/6742] gnina    ligand 4wiv   wt                 rmsd=  1.89 Å  matched=27
  [6645/6742] unidock2 ligand 4wiv   wt                 rmsd=  1.05 Å  matched=27
  [6646/6742] surfdock ligand 4wiv   wt                 rmsd=  3.73 Å  matched=27
  [6647/6742] gnina    ligand 4x6p   halo_Br_1          rmsd=  2.40 Å  matched=45
  [6648/6742] unidock2 ligand 4x6p   halo_Br_1          rmsd=  7.15 Å  matched=40
  [6649/6742] surfdock ligand 4x6p   halo_Br_1          rmsd=  9.91 Å  matched=40
  [6650/6742] gnina    ligand 4x6p   halo_Cl_1          rmsd=  2.40 Å  matched=45
  [6651/6742] unidock2 ligand 4x6p   halo_Cl_1          rmsd=  4.24 Å  matched=40
  [6652/6742] surfdock ligand 4x6p   halo_Cl_1          rmsd=  6.34 Å  matched=40
  [6653/6742] gnina    ligand 4x6p   halo_F_1           rmsd=  2.43 Å  matched=45
  [6654/6742] unidock2 ligand 4x6p   halo_F_1           rmsd= 11.32 Å  matched=40
  [6655/6742] surfdock ligand 4x6p   halo_F_1           rmsd=  9.81 Å  matched=40
  [6656/6742] gnina    ligand 4x6p   wt                 rmsd=  2.41 Å  matched=45
  [6657/6742] unidock2 ligand 4x6p   wt                 rmsd= 11.84 Å  matched=40
  [6658/6742] surfdock ligand 4x6p   wt                 rmsd=  8.98 Å  matched=40
  [6659/6742] gnina    ligand 5a7b   halo_Br_1          rmsd=  2.05 Å  matched=31
  [6660/6742] unidock2 ligand 5a7b   halo_Br_1          rmsd=  3.11 Å  matched=31
  [6661/6742] surfdock ligand 5a7b   halo_Br_1          rmsd=  6.01 Å  matched=31
  [6662/6742] gnina    ligand 5a7b   halo_Cl_1          rmsd=  1.36 Å  matched=31
  [6663/6742] unidock2 ligand 5a7b   halo_Cl_1          rmsd=  2.58 Å  matched=31
  [6664/6742] surfdock ligand 5a7b   halo_Cl_1          rmsd=  6.53 Å  matched=31
  [6665/6742] gnina    ligand 5a7b   halo_F_1           rmsd=  1.84 Å  matched=31
  [6666/6742] unidock2 ligand 5a7b   halo_F_1           rmsd= 11.68 Å  matched=31
  [6667/6742] surfdock ligand 5a7b   halo_F_1           rmsd=  8.09 Å  matched=31
  [6668/6742] gnina    ligand 5a7b   wt                 rmsd=  2.02 Å  matched=31
  [6669/6742] unidock2 ligand 5a7b   wt                 rmsd=  4.12 Å  matched=31
  [6670/6742] surfdock ligand 5a7b   wt                 rmsd=  7.58 Å  matched=31
  [6671/6742] gnina    ligand 5aba   halo_Br_1          rmsd=  1.40 Å  matched=23
  [6672/6742] unidock2 ligand 5aba   halo_Br_1          rmsd=  6.05 Å  matched=23
  [6673/6742] surfdock ligand 5aba   halo_Br_1          rmsd=  4.92 Å  matched=23
  [6674/6742] gnina    ligand 5aba   halo_Cl_1          rmsd=  3.51 Å  matched=23
  [6675/6742] unidock2 ligand 5aba   halo_Cl_1          rmsd=  3.18 Å  matched=23
  [6676/6742] surfdock ligand 5aba   halo_Cl_1          rmsd=  5.13 Å  matched=23
  [6677/6742] gnina    ligand 5aba   halo_F_1           rmsd=  1.68 Å  matched=23
  [6678/6742] unidock2 ligand 5aba   halo_F_1           rmsd=  6.32 Å  matched=23
  [6679/6742] surfdock ligand 5aba   halo_F_1           rmsd=  5.41 Å  matched=23
  [6680/6742] gnina    ligand 5aba   meth_1             rmsd=  1.54 Å  matched=23
  [6681/6742] unidock2 ligand 5aba   meth_1             rmsd=  3.30 Å  matched=23
  [6682/6742] surfdock ligand 5aba   meth_1             rmsd=  7.23 Å  matched=23
  [6683/6742] gnina    ligand 5aba   wt                 rmsd=  6.22 Å  matched=23
  [6684/6742] unidock2 ligand 5aba   wt                 rmsd=  6.26 Å  matched=23
  [6685/6742] surfdock ligand 5aba   wt                 rmsd=  5.05 Å  matched=23
  [6686/6742] gnina    ligand 5c28   wt                 rmsd=  2.59 Å  matched=12
  [6687/6742] unidock2 ligand 5c28   wt                 rmsd=  2.59 Å  matched=12
  [6688/6742] surfdock ligand 5c28   wt                 rmsd=  3.73 Å  matched=12
  [6689/6742] gnina    ligand 5c2h   halo_Br_1          rmsd=  5.12 Å  matched=31
  [6690/6742] unidock2 ligand 5c2h   halo_Br_1          rmsd=  2.67 Å  matched=31
  [6691/6742] surfdock ligand 5c2h   halo_Br_1          rmsd=  4.00 Å  matched=31
  [6692/6742] gnina    ligand 5c2h   halo_Cl_1          rmsd=  0.67 Å  matched=31
  [6693/6742] unidock2 ligand 5c2h   halo_Cl_1          rmsd=  6.28 Å  matched=31
  [6694/6742] surfdock ligand 5c2h   halo_Cl_1          rmsd=  3.84 Å  matched=31
  [6695/6742] gnina    ligand 5c2h   halo_F_1           rmsd=  2.09 Å  matched=31
  [6696/6742] unidock2 ligand 5c2h   halo_F_1           rmsd=  1.59 Å  matched=31
  [6697/6742] surfdock ligand 5c2h   halo_F_1           rmsd=  9.54 Å  matched=31
  [6698/6742] gnina    ligand 5c2h   wt                 rmsd=  2.00 Å  matched=31
  [6699/6742] unidock2 ligand 5c2h   wt                 rmsd=  3.05 Å  matched=31
  [6700/6742] surfdock ligand 5c2h   wt                 rmsd=  5.69 Å  matched=31
  [6701/6742] gnina    ligand 5dwr   halo_Br_1          rmsd=  0.87 Å  matched=35
  [6702/6742] unidock2 ligand 5dwr   halo_Br_1          rmsd=  6.21 Å  matched=32
  [6703/6742] surfdock ligand 5dwr   halo_Br_1          rmsd=  2.85 Å  matched=32
  [6704/6742] gnina    ligand 5dwr   halo_Cl_1          rmsd=  0.81 Å  matched=35
  [6705/6742] unidock2 ligand 5dwr   halo_Cl_1          rmsd=  1.67 Å  matched=32
  [6706/6742] surfdock ligand 5dwr   halo_Cl_1          rmsd=  1.45 Å  matched=32
  [6707/6742] gnina    ligand 5dwr   halo_F_1           rmsd=  1.61 Å  matched=35
  [6708/6742] unidock2 ligand 5dwr   halo_F_1           rmsd=  6.85 Å  matched=32
  [6709/6742] surfdock ligand 5dwr   halo_F_1           rmsd=  2.84 Å  matched=32
  [6710/6742] gnina    ligand 5dwr   wt                 rmsd=  0.93 Å  matched=35
  [6711/6742] unidock2 ligand 5dwr   wt                 rmsd=  2.78 Å  matched=32
  [6712/6742] surfdock ligand 5dwr   wt                 rmsd=  5.57 Å  matched=32
  [6713/6742] gnina    ligand 5tmn   chrg_neu_ethyl     rmsd=  3.12 Å  matched=30
  [6714/6742] unidock2 ligand 5tmn   chrg_neu_ethyl     rmsd=  4.48 Å  matched=30
  [6715/6742] surfdock ligand 5tmn   chrg_neu_ethyl     rmsd=  4.15 Å  matched=30
  [6716/6742] gnina    ligand 5tmn   chrg_neu_methyl    rmsd=  3.10 Å  matched=30
  [6717/6742] unidock2 ligand 5tmn   chrg_neu_methyl    rmsd=  9.07 Å  matched=30
  [6718/6742] surfdock ligand 5tmn   chrg_neu_methyl    rmsd=  9.29 Å  matched=30
  [6719/6742] gnina    ligand 5tmn   chrg_neu_propyl    rmsd=  2.93 Å  matched=30
  [6720/6742] unidock2 ligand 5tmn   chrg_neu_propyl    rmsd=  4.69 Å  matched=30
  [6721/6742] surfdock ligand 5tmn   chrg_neu_propyl    rmsd= 10.53 Å  matched=30
  [6722/6742] gnina    ligand 5tmn   chrg_pos_1         rmsd=  2.50 Å  matched=30
  [6723/6742] unidock2 ligand 5tmn   chrg_pos_1         rmsd=  4.21 Å  matched=30
  [6724/6742] surfdock ligand 5tmn   chrg_pos_1         rmsd=  4.82 Å  matched=30
  [6725/6742] gnina    ligand 5tmn   chrg_pos_2         rmsd=  3.00 Å  matched=30
  [6726/6742] unidock2 ligand 5tmn   chrg_pos_2         rmsd=  3.26 Å  matched=30
  [6727/6742] surfdock ligand 5tmn   chrg_pos_2         rmsd=  9.54 Å  matched=30
  [6728/6742] gnina    ligand 5tmn   chrg_pos_3         rmsd=  3.14 Å  matched=30
  [6729/6742] unidock2 ligand 5tmn   chrg_pos_3         rmsd=  3.76 Å  matched=30
  [6730/6742] surfdock ligand 5tmn   chrg_pos_3         rmsd=  9.85 Å  matched=30
  [6731/6742] gnina    ligand 5tmn   halo_Br_1          rmsd=  2.59 Å  matched=32
  [6732/6742] unidock2 ligand 5tmn   halo_Br_1          rmsd=  9.24 Å  matched=32
  [6733/6742] surfdock ligand 5tmn   halo_Br_1          rmsd=  4.58 Å  matched=32
  [6734/6742] gnina    ligand 5tmn   halo_Cl_1          rmsd=  2.88 Å  matched=32
  [6735/6742] unidock2 ligand 5tmn   halo_Cl_1          rmsd=  3.91 Å  matched=32
  [6736/6742] surfdock ligand 5tmn   halo_Cl_1          rmsd=  3.48 Å  matched=32
  [6737/6742] gnina    ligand 5tmn   halo_F_1           rmsd=  3.28 Å  matched=32
  [6738/6742] unidock2 ligand 5tmn   halo_F_1           rmsd=  3.24 Å  matched=32
  [6739/6742] surfdock ligand 5tmn   halo_F_1           rmsd=  4.98 Å  matched=32
  [6740/6742] gnina    ligand 5tmn   wt                 rmsd=  2.36 Å  matched=32
  [6741/6742] unidock2 ligand 5tmn   wt                 rmsd=  5.16 Å  matched=32
  [6742/6742] surfdock ligand 5tmn   wt                 rmsd=  5.39 Å  matched=32

Per-cell results: /mnt/katritch_lab2/aoxu/contrasCF/analysis/casf_mutagenesis/outputs/docking_results.csv

  module  engine    variant            n_wtok  <2Å* |    n   <2Å  median
  casf    gnina     inv                   172  0.15 |  239  0.12    8.63
  casf    gnina     pack                  172  0.16 |  239  0.13    7.43
  casf    gnina     rem                   172  0.18 |  239  0.14    6.56
  casf    gnina     wt                    183  1.00 |  251  0.73    1.13
  casf    surfdock  inv                   200  0.03 |  231  0.03    7.19
  casf    surfdock  pack                  207  0.04 |  238  0.05    6.09
  casf    surfdock  rem                   206  0.02 |  238  0.03    6.20
  casf    surfdock  wt                    218  1.00 |  249  0.88    1.06
  casf    unidock2  inv                   135  0.10 |  239  0.07    8.10
  casf    unidock2  pack                  135  0.14 |  239  0.09    6.85
  casf    unidock2  rem                   135  0.14 |  239  0.09    6.96
  casf    unidock2  wt                    145  1.00 |  251  0.58    1.49
  ligand  gnina     chrg_neu_ethyl         29  0.21 |   42  0.19    5.90
  ligand  gnina     chrg_neu_methyl        29  0.21 |   42  0.19    5.05
  ligand  gnina     chrg_neu_propyl        29  0.17 |   42  0.17    4.57
  ligand  gnina     chrg_pos_1             29  0.17 |   42  0.17    5.35
  ligand  gnina     chrg_pos_2             29  0.28 |   42  0.29    5.94
  ligand  gnina     chrg_pos_3             29  0.17 |   42  0.19    3.61
  ligand  gnina     halo_Br_1             140  0.63 |  213  0.49    2.05
  ligand  gnina     halo_Cl_1             140  0.73 |  213  0.57    1.73
  ligand  gnina     halo_F_1              140  0.78 |  213  0.60    1.60
  ligand  gnina     meth_1                 49  0.69 |   74  0.51    1.97
  ligand  gnina     meth_2                 27  0.37 |   44  0.25    3.87
  ligand  gnina     meth_3                 16  0.25 |   25  0.20    9.02
  ligand  gnina     meth_4                  9  0.33 |   14  0.21    8.15
  ligand  gnina     meth_5                  1  0.00 |    1  0.00   14.78
  ligand  gnina     wt                    157  1.00 |  251  0.63    1.48
  ligand  surfdock  chrg_neu_ethyl          6  0.17 |   39  0.10    4.63
  ligand  surfdock  chrg_neu_methyl         6  0.33 |   39  0.05    4.71
  ligand  surfdock  chrg_neu_propyl         6  0.00 |   40  0.00    5.90
  ligand  surfdock  chrg_pos_1              6  0.00 |   37  0.00    4.34
  ligand  surfdock  chrg_pos_2              6  0.00 |   39  0.03    4.78
  ligand  surfdock  chrg_pos_3              6  0.17 |   39  0.03    5.81
  ligand  surfdock  halo_Br_1              34  0.50 |  211  0.18    3.58
  ligand  surfdock  halo_Cl_1              34  0.35 |  211  0.16    3.65
  ligand  surfdock  halo_F_1               34  0.53 |  212  0.18    3.44
  ligand  surfdock  meth_1                 20  0.50 |   72  0.22    3.44
  ligand  surfdock  meth_2                 12  0.42 |   43  0.21    3.48
  ligand  surfdock  meth_3                  9  0.11 |   25  0.20    3.02
  ligand  surfdock  meth_4                  4  0.25 |   14  0.14    3.40
  ligand  surfdock  meth_5                  0   n/a |    1  0.00    4.01
  ligand  surfdock  wt                     43  1.00 |  246  0.17    3.77
  ligand  unidock2  chrg_neu_ethyl         18  0.11 |   41  0.07    6.36
  ligand  unidock2  chrg_neu_methyl        18  0.11 |   41  0.07    5.78
  ligand  unidock2  chrg_neu_propyl        18  0.11 |   41  0.05    7.36
  ligand  unidock2  chrg_pos_1             18  0.17 |   42  0.10    5.46
  ligand  unidock2  chrg_pos_2             18  0.11 |   42  0.07    6.38
  ligand  unidock2  chrg_pos_3             18  0.11 |   42  0.05    6.53
  ligand  unidock2  halo_Br_1              97  0.47 |  211  0.28    4.10
  ligand  unidock2  halo_Cl_1              97  0.66 |  211  0.39    3.18
  ligand  unidock2  halo_F_1               97  0.82 |  211  0.45    2.66
  ligand  unidock2  meth_1                 26  0.65 |   72  0.32    4.48
  ligand  unidock2  meth_2                 14  0.29 |   42  0.12    6.21
  ligand  unidock2  meth_3                 11  0.09 |   23  0.04    6.05
  ligand  unidock2  meth_4                  5  0.00 |   12  0.00    5.67
  ligand  unidock2  meth_5                  0   n/a |    1  0.00    5.33
  ligand  unidock2  wt                    111  1.00 |  249  0.45    2.59

Aggregate: /mnt/katritch_lab2/aoxu/contrasCF/analysis/casf_mutagenesis/outputs/docking_memorization.csv   (*_wtok = WT-conditioned, primary)

--- stderr ---
[... 1217369 chars of stderr truncated ...]
 mol as 3D.
[01:43:40] Warning: molecule is tagged as 2D, but at least one Z coordinate is not zero. Marking the mol as 3D.
[01:43:40] Warning: molecule is tagged as 2D, but at least one Z coordinate is not zero. Marking the mol as 3D.
[01:43:40] Warning: molecule is tagged as 2D, but at least one Z coordinate is not zero. Marking the mol as 3D.
[01:43:40] ERROR: Problems encountered parsing data fields
[01:43:40] ERROR: moving to the beginning of the next molecule
[01:43:40] Warning: molecule is tagged as 2D, but at least one Z coordinate is not zero. Marking the mol as 3D.
[01:43:40] Warning: molecule is tagged as 2D, but at least one Z coordinate is not zero. Marking the mol as 3D.
[01:43:40] Warning: molecule is tagged as 2D, but at least one Z coordinate is not zero. Marking the mol as 3D.
[01:43:40] Warning: molecule is tagged as 2D, but at least one Z coordinate is not zero. Marking the mol as 3D.
[01:43:40] ERROR: Problems encountered parsing data fields
[01:43:40] ERROR: moving to the beginning of the next molecule
[01:43:40] Warning: molecule is tagged as 2D, but at least one Z coordinate is not zero. Marking the mol as 3D.
[01:43:40] Warning: molecule is tagged as 2D, but at least one Z coordinate is not zero. Marking the mol as 3D.
[01:43:40] Warning: molecule is tagged as 2D, but at least one Z coordinate is not zero. Marking the mol as 3D.
[01:43:40] Warning: molecule is tagged as 2D, but at least one Z coordinate is not zero. Marking the mol as 3D.
[01:43:40] ERROR: Problems encountered parsing data fields
[01:43:40] ERROR: moving to the beginning of the next molecule
[01:43:40] Warning: molecule is tagged as 2D, but at least one Z coordinate is not zero. Marking the mol as 3D.
[01:43:40] Warning: molecule is tagged as 2D, but at least one Z coordinate is not zero. Marking the mol as 3D.
[01:43:40] Warning: molecule is tagged as 2D, but at least one Z coordinate is not zero. Marking the mol as 3D.
[01:43:40] Warning: molecule is tagged as 2D, but at least one Z coordinate is not zero. Marking the mol as 3D.
[01:43:40] ERROR: Problems encountered parsing data fields
[01:43:40] ERROR: moving to the beginning of the next molecule
[01:43:40] Warning: molecule is tagged as 2D, but at least one Z coordinate is not zero. Marking the mol as 3D.
[01:43:40] Warning: molecule is tagged as 2D, but at least one Z coordinate is not zero. Marking the mol as 3D.
[01:43:40] Warning: molecule is tagged as 2D, but at least one Z coordinate is not zero. Marking the mol as 3D.
[01:43:40] Warning: molecule is tagged as 2D, but at least one Z coordinate is not zero. Marking the mol as 3D.
[01:43:40] ERROR: Problems encountered parsing data fields
[01:43:40] ERROR: moving to the beginning of the next molecule
[01:43:40] Warning: molecule is tagged as 2D, but at least one Z coordinate is not zero. Marking the mol as 3D.
[01:43:40] Warning: molecule is tagged as 2D, but at least one Z coordinate is not zero. Marking the mol as 3D.
[01:43:40] Warning: molecule is tagged as 2D, but at least one Z coordinate is not zero. Marking the mol as 3D.
[01:43:40] Warning: molecule is tagged as 2D, but at least one Z coordinate is not zero. Marking the mol as 3D.
[01:43:40] ERROR: Problems encountered parsing data fields
[01:43:40] ERROR: moving to the beginning of the next molecule
[01:43:40] Warning: molecule is tagged as 2D, but at least one Z coordinate is not zero. Marking the mol as 3D.
[01:43:40] Warning: molecule is tagged as 2D, but at least one Z coordinate is not zero. Marking the mol as 3D.
[01:43:40] Warning: molecule is tagged as 2D, but at least one Z coordinate is not zero. Marking the mol as 3D.
[01:43:40] Warning: molecule is tagged as 2D, but at least one Z coordinate is not zero. Marking the mol as 3D.
[01:43:40] ERROR: Problems encountered parsing data fields
[01:43:40] ERROR: moving to the beginning of the next molecule
[01:43:40] Warning: molecule is tagged as 2D, but at least one Z coordinate is not zero. Marking the mol as 3D.
[01:43:40] Warning: molecule is tagged as 2D, but at least one Z coordinate is not zero. Marking the mol as 3D.
[01:43:40] Warning: molecule is tagged as 2D, but at least one Z coordinate is not zero. Marking the mol as 3D.
[01:43:40] Warning: molecule is tagged as 2D, but at least one Z coordinate is not zero. Marking the mol as 3D.
[01:43:40] ERROR: Problems encountered parsing data fields
[01:43:40] ERROR: moving to the beginning of the next molecule
[01:43:40] Warning: molecule is tagged as 2D, but at least one Z coordinate is not zero. Marking the mol as 3D.
[01:43:40] Warning: molecule is tagged as 2D, but at least one Z coordinate is not zero. Marking the mol as 3D.
[01:43:40] Warning: molecule is tagged as 2D, but at least one Z coordinate is not zero. Marking the mol as 3D.
[01:43:40] Warning: molecule is tagged as 2D, but at least one Z coordinate is not zero. Marking the mol as 3D.
[01:43:40] ERROR: Problems encountered parsing data fields
[01:43:40] ERROR: moving to the beginning of the next molecule
[01:43:40] Warning: molecule is tagged as 2D, but at least one Z coordinate is not zero. Marking the mol as 3D.
[01:43:40] Warning: molecule is tagged as 2D, but at least one Z coordinate is not zero. Marking the mol as 3D.
[01:43:40] Warning: molecule is tagged as 2D, but at least one Z coordinate is not zero. Marking the mol as 3D.
[01:43:40] Warning: molecule is tagged as 2D, but at least one Z coordinate is not zero. Marking the mol as 3D.
[01:43:40] ERROR: Problems encountered parsing data fields
[01:43:40] ERROR: moving to the beginning of the next molecule
[01:43:40] Warning: molecule is tagged as 2D, but at least one Z coordinate is not zero. Marking the mol as 3D.
[01:43:40] Warning: molecule is tagged as 2D, but at least one Z coordinate is not zero. Marking the mol as 3D.
[01:43:40] Warning: molecule is tagged as 2D, but at least one Z coordinate is not zero. Marking the mol as 3D.
[01:43:40] Warning: molecule is tagged as 2D, but at least one Z coordinate is not zero. Marking the mol as 3D.
[01:43:40] ERROR: Problems encountered parsing data fields
[01:43:40] ERROR: moving to the beginning of the next molecule
[01:43:40] Warning: molecule is tagged as 2D, but at least one Z coordinate is not zero. Marking the mol as 3D.
[01:43:40] Warning: molecule is tagged as 2D, but at least one Z coordinate is not zero. Marking the mol as 3D.
[01:43:40] Warning: molecule is tagged as 2D, but at least one Z coordinate is not zero. Marking the mol as 3D.
[01:43:40] Warning: molecule is tagged as 2D, but at least one Z coordinate is not zero. Marking the mol as 3D.
[01:43:40] ERROR: Problems encountered parsing data fields
[01:43:40] ERROR: moving to the beginning of the next molecule
[01:43:40] Warning: molecule is tagged as 2D, but at least one Z coordinate is not zero. Marking the mol as 3D.
[01:43:40] Warning: molecule is tagged as 2D, but at least one Z coordinate is not zero. Marking the mol as 3D.
[01:43:40] Warning: molecule is tagged as 2D, but at least one Z coordinate is not zero. Marking the mol as 3D.
[01:43:40] Warning: molecule is tagged as 2D, but at least one Z coordinate is not zero. Marking the mol as 3D.
[01:43:40] ERROR: Problems encountered parsing data fields
[01:43:40] ERROR: moving to the beginning of the next molecule
[01:43:40] Warning: molecule is tagged as 2D, but at least one Z coordinate is not zero. Marking the mol as 3D.
[01:43:40] Warning: molecule is tagged as 2D, but at least one Z coordinate is not zero. Marking the mol as 3D.
[01:43:40] Warning: molecule is tagged as 2D, but at least one Z coordinate is not zero. Marking the mol as 3D.
[01:43:40] Warning: molecule is tagged as 2D, but at least one Z coordinate is not zero. Marking the mol as 3D.
[01:43:40] ERROR: Problems encountered parsing data fields
[01:43:40] ERROR: moving to the beginning of the next molecule
[01:43:40] Warning: molecule is tagged as 2D, but at least one Z coordinate is not zero. Marking the mol as 3D.
[01:43:40] Warning: molecule is tagged as 2D, but at least one Z coordinate is not zero. Marking the mol as 3D.
[01:43:40] Warning: molecule is tagged as 2D, but at least one Z coordinate is not zero. Marking the mol as 3D.
[01:43:40] Warning: molecule is tagged as 2D, but at least one Z coordinate is not zero. Marking the mol as 3D.
[01:43:40] ERROR: Problems encountered parsing data fields
[01:43:40] ERROR: moving to the beginning of the next molecule
[01:43:40] Warning: molecule is tagged as 2D, but at least one Z coordinate is not zero. Marking the mol as 3D.
[01:43:40] Warning: molecule is tagged as 2D, but at least one Z coordinate is not zero. Marking the mol as 3D.
[01:43:40] Warning: molecule is tagged as 2D, but at least one Z coordinate is not zero. Marking the mol as 3D.
[01:43:40] Warning: molecule is tagged as 2D, but at least one Z coordinate is not zero. Marking the mol as 3D.
[01:43:40] ERROR: Problems encountered parsing data fields
[01:43:40] ERROR: moving to the beginning of the next molecule
[01:43:40] Warning: molecule is tagged as 2D, but at least one Z coordinate is not zero. Marking the mol as 3D.
[01:43:40] Warning: molecule is tagged as 2D, but at least one Z coordinate is not zero. Marking the mol as 3D.
[01:43:40] Warning: molecule is tagged as 2D, but at least one Z coordinate is not zero. Marking the mol as 3D.
[01:43:40] Warning: molecule is tagged as 2D, but at least one Z coordinate is not zero. Marking the mol as 3D.
[01:43:40] ERROR: Problems encountered parsing data fields
[01:43:40] ERROR: moving to the beginning of the next molecule
[01:43:40] Warning: molecule is tagged as 2D, but at least one Z coordinate is not zero. Marking the mol as 3D.
[01:43:40] Warning: molecule is tagged as 2D, but at least one Z coordinate is not zero. Marking the mol as 3D.
[01:43:40] Warning: molecule is tagged as 2D, but at least one Z coordinate is not zero. Marking the mol as 3D.
[01:43:40] Warning: molecule is tagged as 2D, but at least one Z coordinate is not zero. Marking the mol as 3D.
[01:43:40] ERROR: Problems encountered parsing data fields
[01:43:40] ERROR: moving to the beginning of the next molecule
[01:43:40] Warning: molecule is tagged as 2D, but at least one Z coordinate is not zero. Marking the mol as 3D.
[01:43:40] Warning: molecule is tagged as 2D, but at least one Z coordinate is not zero. Marking the mol as 3D.
[01:43:40] Warning: molecule is tagged as 2D, but at least one Z coordinate is not zero. Marking the mol as 3D.
[01:43:40] Warning: molecule is tagged as 2D, but at least one Z coordinate is not zero. Marking the mol as 3D.
[01:43:40] ERROR: Problems encountered parsing data fields
[01:43:40] ERROR: moving to the beginning of the next molecule
[01:43:40] Warning: molecule is tagged as 2D, but at least one Z coordinate is not zero. Marking the mol as 3D.
[01:43:40] Warning: molecule is tagged as 2D, but at least one Z coordinate is not zero. Marking the mol as 3D.
[01:43:40] Warning: molecule is tagged as 2D, but at least one Z coordinate is not zero. Marking the mol as 3D.
[01:43:40] Warning: molecule is tagged as 2D, but at least one Z coordinate is not zero. Marking the mol as 3D.
[01:43:40] ERROR: Problems encountered parsing data fields
[01:43:40] ERROR: moving to the beginning of the next molecule
[01:43:40] Warning: molecule is tagged as 2D, but at least one Z coordinate is not zero. Marking the mol as 3D.
[01:43:40] Warning: molecule is tagged as 2D, but at least one Z coordinate is not zero. Marking the mol as 3D.
[01:43:40] Warning: molecule is tagged as 2D, but at least one Z coordinate is not zero. Marking the mol as 3D.
[01:43:40] Warning: molecule is tagged as 2D, but at least one Z coordinate is not zero. Marking the mol as 3D.
[01:43:40] ERROR: Problems encountered parsing data fields
[01:43:40] ERROR: moving to the beginning of the next molecule
[01:43:40] Warning: molecule is tagged as 2D, but at least one Z coordinate is not zero. Marking the mol as 3D.
[01:43:40] Warning: molecule is tagged as 2D, but at least one Z coordinate is not zero. Marking the mol as 3D.
[01:43:40] Warning: molecule is tagged as 2D, but at least one Z coordinate is not zero. Marking the mol as 3D.
[01:43:40] Warning: molecule is tagged as 2D, but at least one Z coordinate is not zero. Marking the mol as 3D.
[01:43:40] ERROR: Problems encountered parsing data fields
[01:43:40] ERROR: moving to the beginning of the next molecule
[01:43:40] Warning: molecule is tagged as 2D, but at least one Z coordinate is not zero. Marking the mol as 3D.
[01:43:40] Warning: molecule is tagged as 2D, but at least one Z coordinate is not zero. Marking the mol as 3D.
[01:43:40] Warning: molecule is tagged as 2D, but at least one Z coordinate is not zero. Marking the mol as 3D.
[01:43:40] Warning: molecule is tagged as 2D, but at least one Z coordinate is not zero. Marking the mol as 3D.
[01:43:40] ERROR: Problems encountered parsing data fields
[01:43:40] ERROR: moving to the beginning of the next molecule
[01:43:40] Warning: molecule is tagged as 2D, but at least one Z coordinate is not zero. Marking the mol as 3D.
[01:43:40] Warning: molecule is tagged as 2D, but at least one Z coordinate is not zero. Marking the mol as 3D.
[01:43:40] Warning: molecule is tagged as 2D, but at least one Z coordinate is not zero. Marking the mol as 3D.
[01:43:40] Warning: molecule is tagged as 2D, but at least one Z coordinate is not zero. Marking the mol as 3D.
[01:43:40] ERROR: Problems encountered parsing data fields
[01:43:40] ERROR: moving to the beginning of the next molecule
[01:43:40] Warning: molecule is tagged as 2D, but at least one Z coordinate is not zero. Marking the mol as 3D.
[01:43:40] Warning: molecule is tagged as 2D, but at least one Z coordinate is not zero. Marking the mol as 3D.
[01:43:40] Warning: molecule is tagged as 2D, but at least one Z coordinate is not zero. Marking the mol as 3D.
[01:43:40] Warning: molecule is tagged as 2D, but at least one Z coordinate is not zero. Marking the mol as 3D.
[01:43:40] ERROR: Problems encountered parsing data fields
[01:43:40] ERROR: moving to the beginning of the next molecule
[01:43:40] Warning: molecule is tagged as 2D, but at least one Z coordinate is not zero. Marking the mol as 3D.
[01:43:40] Warning: molecule is tagged as 2D, but at least one Z coordinate is not zero. Marking the mol as 3D.
[01:43:40] Warning: molecule is tagged as 2D, but at least one Z coordinate is not zero. Marking the mol as 3D.
[01:43:40] Warning: molecule is tagged as 2D, but at least one Z coordinate is not zero. Marking the mol as 3D.
[01:43:40] ERROR: Problems encountered parsing data fields
[01:43:40] ERROR: moving to the beginning of the next molecule
[01:43:40] Warning: molecule is tagged as 2D, but at least one Z coordinate is not zero. Marking the mol as 3D.
[01:43:40] Warning: molecule is tagged as 2D, but at least one Z coordinate is not zero. Marking the mol as 3D.
[01:43:40] Warning: molecule is tagged as 2D, but at least one Z coordinate is not zero. Marking the mol as 3D.
[01:43:40] Warning: molecule is tagged as 2D, but at least one Z coordinate is not zero. Marking the mol as 3D.
[01:43:40] ERROR: Problems encountered parsing data fields
[01:43:40] ERROR: moving to the beginning of the next molecule
[01:43:40] Warning: molecule is tagged as 2D, but at least one Z coordinate is not zero. Marking the mol as 3D.
[01:43:40] Warning: molecule is tagged as 2D, but at least one Z coordinate is not zero. Marking the mol as 3D.
[01:43:40] Warning: molecule is tagged as 2D, but at least one Z coordinate is not zero. Marking the mol as 3D.
[01:43:40] Warning: molecule is tagged as 2D, but at least one Z coordinate is not zero. Marking the mol as 3D.
[01:43:40] ERROR: Problems encountered parsing data fields
[01:43:40] ERROR: moving to the beginning of the next molecule
[01:43:40] Warning: molecule is tagged as 2D, but at least one Z coordinate is not zero. Marking the mol as 3D.
[01:43:40] Warning: molecule is tagged as 2D, but at least one Z coordinate is not zero. Marking the mol as 3D.
[01:43:40] Warning: molecule is tagged as 2D, but at least one Z coordinate is not zero. Marking the mol as 3D.
[01:43:40] Warning: molecule is tagged as 2D, but at least one Z coordinate is not zero. Marking the mol as 3D.
[01:43:40] ERROR: Problems encountered parsing data fields
[01:43:40] ERROR: moving to the beginning of the next molecule
[01:43:40] Warning: molecule is tagged as 2D, but at least one Z coordinate is not zero. Marking the mol as 3D.
[01:43:40] Warning: molecule is tagged as 2D, but at least one Z coordinate is not zero. Marking the mol as 3D.
[01:43:40] Warning: molecule is tagged as 2D, but at least one Z coordinate is not zero. Marking the mol as 3D.
[01:43:40] Warning: molecule is tagged as 2D, but at least one Z coordinate is not zero. Marking the mol as 3D.
[01:43:40] ERROR: Problems encountered parsing data fields
[01:43:40] ERROR: moving to the beginning of the next molecule
[01:43:40] Warning: molecule is tagged as 2D, but at least one Z coordinate is not zero. Marking the mol as 3D.
[01:43:40] Warning: molecule is tagged as 2D, but at least one Z coordinate is not zero. Marking the mol as 3D.
[01:43:40] Warning: molecule is tagged as 2D, but at least one Z coordinate is not zero. Marking the mol as 3D.
[01:43:40] Warning: molecule is tagged as 2D, but at least one Z coordinate is not zero. Marking the mol as 3D.
[01:43:40] ERROR: Problems encountered parsing data fields
[01:43:40] ERROR: moving to the beginning of the next molecule
[01:43:40] Warning: molecule is tagged as 2D, but at least one Z coordinate is not zero. Marking the mol as 3D.
[01:43:40] Warning: molecule is tagged as 2D, but at least one Z coordinate is not zero. Marking the mol as 3D.
[01:43:40] Warning: molecule is tagged as 2D, but at least one Z coordinate is not zero. Marking the mol as 3D.
[01:43:40] Warning: molecule is tagged as 2D, but at least one Z coordinate is not zero. Marking the mol as 3D.
[01:43:40] ERROR: Problems encountered parsing data fields
[01:43:40] ERROR: moving to the beginning of the next molecule
[01:43:40] Warning: molecule is tagged as 2D, but at least one Z coordinate is not zero. Marking the mol as 3D.
[01:43:40] Warning: molecule is tagged as 2D, but at least one Z coordinate is not zero. Marking the mol as 3D.
[01:43:40] Warning: molecule is tagged as 2D, but at least one Z coordinate is not zero. Marking the mol as 3D.
[01:43:40] Warning: molecule is tagged as 2D, but at least one Z coordinate is not zero. Marking the mol as 3D.
[01:43:40] ERROR: Problems encountered parsing data fields
[01:43:40] ERROR: moving to the beginning of the next molecule
[01:43:40] Warning: molecule is tagged as 2D, but at least one Z coordinate is not zero. Marking the mol as 3D.
[01:43:40] Warning: molecule is tagged as 2D, but at least one Z coordinate is not zero. Marking the mol as 3D.
[01:43:40] Warning: molecule is tagged as 2D, but at least one Z coordinate is not zero. Marking the mol as 3D.
[01:43:40] Warning: molecule is tagged as 2D, but at least one Z coordinate is not zero. Marking the mol as 3D.
[01:43:40] ERROR: Problems encountered parsing data fields
[01:43:40] ERROR: moving to the beginning of the next molecule
[01:43:40] Warning: molecule is tagged as 2D, but at least one Z coordinate is not zero. Marking the mol as 3D.
[01:43:41] Warning: molecule is tagged as 2D, but at least one Z coordinate is not zero. Marking the mol as 3D.
[01:43:41] Warning: molecule is tagged as 2D, but at least one Z coordinate is not zero. Marking the mol as 3D.
[01:43:41] Warning: molecule is tagged as 2D, but at least one Z coordinate is not zero. Marking the mol as 3D.
[01:43:41] ERROR: Problems encountered parsing data fields
[01:43:41] ERROR: moving to the beginning of the next molecule
[01:43:41] Warning: molecule is tagged as 2D, but at least one Z coordinate is not zero. Marking the mol as 3D.
[01:43:41] Warning: molecule is tagged as 2D, but at least one Z coordinate is not zero. Marking the mol as 3D.
[01:43:41] Warning: molecule is tagged as 2D, but at least one Z coordinate is not zero. Marking the mol as 3D.
[01:43:41] Warning: molecule is tagged as 2D, but at least one Z coordinate is not zero. Marking the mol as 3D.
[01:43:41] ERROR: Problems encountered parsing data fields
[01:43:41] ERROR: moving to the beginning of the next molecule
[01:43:41] Warning: molecule is tagged as 2D, but at least one Z coordinate is not zero. Marking the mol as 3D.
[01:43:41] Warning: molecule is tagged as 2D, but at least one Z coordinate is not zero. Marking the mol as 3D.
[01:43:41] Warning: molecule is tagged as 2D, but at least one Z coordinate is not zero. Marking the mol as 3D.
[01:43:41] Warning: molecule is tagged as 2D, but at least one Z coordinate is not zero. Marking the mol as 3D.
[01:43:41] ERROR: Problems encountered parsing data fields
[01:43:41] ERROR: moving to the beginning of the next molecule
[01:43:41] Warning: molecule is tagged as 2D, but at least one Z coordinate is not zero. Marking the mol as 3D.
[01:43:41] Warning: molecule is tagged as 2D, but at least one Z coordinate is not zero. Marking the mol as 3D.
[01:43:41] Warning: molecule is tagged as 2D, but at least one Z coordinate is not zero. Marking the mol as 3D.
[01:43:41] Warning: molecule is tagged as 2D, but at least one Z coordinate is not zero. Marking the mol as 3D.
[01:43:41] ERROR: Problems encountered parsing data fields
[01:43:41] ERROR: moving to the beginning of the next molecule
[01:43:41] Warning: molecule is tagged as 2D, but at least one Z coordinate is not zero. Marking the mol as 3D.
[01:43:41] Warning: molecule is tagged as 2D, but at least one Z coordinate is not zero. Marking the mol as 3D.
[01:43:41] Warning: molecule is tagged as 2D, but at least one Z coordinate is not zero. Marking the mol as 3D.
[01:43:41] Warning: molecule is tagged as 2D, but at least one Z coordinate is not zero. Marking the mol as 3D.
[01:43:41] ERROR: Problems encountered parsing data fields
[01:43:41] ERROR: moving to the beginning of the next molecule
[01:43:41] Warning: molecule is tagged as 2D, but at least one Z coordinate is not zero. Marking the mol as 3D.
[01:43:41] Warning: molecule is tagged as 2D, but at least one Z coordinate is not zero. Marking the mol as 3D.
[01:43:41] Warning: molecule is tagged as 2D, but at least one Z coordinate is not zero. Marking the mol as 3D.
[01:43:41] Warning: molecule is tagged as 2D, but at least one Z coordinate is not zero. Marking the mol as 3D.
[01:43:41] ERROR: Problems encountered parsing data fields
[01:43:41] ERROR: moving to the beginning of the next molecule
[01:43:41] Warning: molecule is tagged as 2D, but at least one Z coordinate is not zero. Marking the mol as 3D.
[01:43:41] Warning: molecule is tagged as 2D, but at least one Z coordinate is not zero. Marking the mol as 3D.
[01:43:41] Warning: molecule is tagged as 2D, but at least one Z coordinate is not zero. Marking the mol as 3D.
[01:43:41] Warning: molecule is tagged as 2D, but at least one Z coordinate is not zero. Marking the mol as 3D.
[01:43:41] ERROR: Problems encountered parsing data fields
[01:43:41] ERROR: moving to the beginning of the next molecule
[01:43:41] Warning: molecule is tagged as 2D, but at least one Z coordinate is not zero. Marking the mol as 3D.
[01:43:41] Warning: molecule is tagged as 2D, but at least one Z coordinate is not zero. Marking the mol as 3D.
[01:43:41] Warning: molecule is tagged as 2D, but at least one Z coordinate is not zero. Marking the mol as 3D.
[01:43:41] Warning: molecule is tagged as 2D, but at least one Z coordinate is not zero. Marking the mol as 3D.
[01:43:41] ERROR: Problems encountered parsing data fields
[01:43:41] ERROR: moving to the beginning of the next molecule
[01:43:41] Warning: molecule is tagged as 2D, but at least one Z coordinate is not zero. Marking the mol as 3D.
[01:43:41] Warning: molecule is tagged as 2D, but at least one Z coordinate is not zero. Marking the mol as 3D.
[01:43:41] Warning: molecule is tagged as 2D, but at least one Z coordinate is not zero. Marking the mol as 3D.
[01:43:41] Warning: molecule is tagged as 2D, but at least one Z coordinate is not zero. Marking the mol as 3D.
[01:43:41] ERROR: Problems encountered parsing data fields
[01:43:41] ERROR: moving to the beginning of the next molecule
[01:43:41] Warning: molecule is tagged as 2D, but at least one Z coordinate is not zero. Marking the mol as 3D.
[01:43:41] Warning: molecule is tagged as 2D, but at least one Z coordinate is not zero. Marking the mol as 3D.
[01:43:41] Warning: molecule is tagged as 2D, but at least one Z coordinate is not zero. Marking the mol as 3D.
[01:43:41] Warning: molecule is tagged as 2D, but at least one Z coordinate is not zero. Marking the mol as 3D.
[01:43:41] ERROR: Problems encountered parsing data fields
[01:43:41] ERROR: moving to the beginning of the next molecule
[01:43:41] Warning: molecule is tagged as 2D, but at least one Z coordinate is not zero. Marking the mol as 3D.
[01:43:41] Warning: molecule is tagged as 2D, but at least one Z coordinate is not zero. Marking the mol as 3D.
[01:43:41] Warning: molecule is tagged as 2D, but at least one Z coordinate is not zero. Marking the mol as 3D.
[01:43:41] Warning: molecule is tagged as 2D, but at least one Z coordinate is not zero. Marking the mol as 3D.
[01:43:41] ERROR: Problems encountered parsing data fields
[01:43:41] ERROR: moving to the beginning of the next molecule
[01:43:41] Warning: molecule is tagged as 2D, but at least one Z coordinate is not zero. Marking the mol as 3D.
[01:43:41] Warning: molecule is tagged as 2D, but at least one Z coordinate is not zero. Marking the mol as 3D.
[01:43:41] Warning: molecule is tagged as 2D, but at least one Z coordinate is not zero. Marking the mol as 3D.
[01:43:41] Warning: molecule is tagged as 2D, but at least one Z coordinate is not zero. Marking the mol as 3D.
[01:43:41] ERROR: Problems encountered parsing data fields
[01:43:41] ERROR: moving to the beginning of the next molecule
[01:43:41] Warning: molecule is tagged as 2D, but at least one Z coordinate is not zero. Marking the mol as 3D.
[01:43:41] Warning: molecule is tagged as 2D, but at least one Z coordinate is not zero. Marking the mol as 3D.
[01:43:41] Warning: molecule is tagged as 2D, but at least one Z coordinate is not zero. Marking the mol as 3D.
[01:43:41] Warning: molecule is tagged as 2D, but at least one Z coordinate is not zero. Marking the mol as 3D.
[01:43:41] ERROR: Problems encountered parsing data fields
[01:43:41] ERROR: moving to the beginning of the next molecule
[01:43:41] Warning: molecule is tagged as 2D, but at least one Z coordinate is not zero. Marking the mol as 3D.
[01:43:41] Warning: molecule is tagged as 2D, but at least one Z coordinate is not zero. Marking the mol as 3D.
[01:43:41] Warning: molecule is tagged as 2D, but at least one Z coordinate is not zero. Marking the mol as 3D.
[01:43:41] Warning: molecule is tagged as 2D, but at least one Z coordinate is not zero. Marking the mol as 3D.
[01:43:41] ERROR: Problems encountered parsing data fields
[01:43:41] ERROR: moving to the beginning of the next molecule
[01:43:41] Warning: molecule is tagged as 2D, but at least one Z coordinate is not zero. Marking the mol as 3D.
[01:43:41] Warning: molecule is tagged as 2D, but at least one Z coordinate is not zero. Marking the mol as 3D.
[01:43:41] Warning: molecule is tagged as 2D, but at least one Z coordinate is not zero. Marking the mol as 3D.
[01:43:41] Warning: molecule is tagged as 2D, but at least one Z coordinate is not zero. Marking the mol as 3D.
[01:43:41] ERROR: Problems encountered parsing data fields
[01:43:41] ERROR: moving to the beginning of the next molecule
[01:43:41] Warning: molecule is tagged as 2D, but at least one Z coordinate is not zero. Marking the mol as 3D.
[01:43:41] Warning: molecule is tagged as 2D, but at least one Z coordinate is not zero. Marking the mol as 3D.
[01:43:41] Warning: molecule is tagged as 2D, but at least one Z coordinate is not zero. Marking the mol as 3D.
[01:43:41] Warning: molecule is tagged as 2D, but at least one Z coordinate is not zero. Marking the mol as 3D.
[01:43:41] ERROR: Problems encountered parsing data fields
[01:43:41] ERROR: moving to the beginning of the next molecule
[01:43:41] Warning: molecule is tagged as 2D, but at least one Z coordinate is not zero. Marking the mol as 3D.
[01:43:41] Warning: molecule is tagged as 2D, but at least one Z coordinate is not zero. Marking the mol as 3D.
[01:43:41] Warning: molecule is tagged as 2D, but at least one Z coordinate is not zero. Marking the mol as 3D.
[01:43:41] Warning: molecule is tagged as 2D, but at least one Z coordinate is not zero. Marking the mol as 3D.
[01:43:41] ERROR: Problems encountered parsing data fields
[01:43:41] ERROR: moving to the beginning of the next molecule
[01:43:41] Warning: molecule is tagged as 2D, but at least one Z coordinate is not zero. Marking the mol as 3D.
[01:43:41] Warning: molecule is tagged as 2D, but at least one Z coordinate is not zero. Marking the mol as 3D.
[01:43:41] Warning: molecule is tagged as 2D, but at least one Z coordinate is not zero. Marking the mol as 3D.
[01:43:41] Warning: molecule is tagged as 2D, but at least one Z coordinate is not zero. Marking the mol as 3D.
[01:43:41] ERROR: Problems encountered parsing data fields
[01:43:41] ERROR: moving to the beginning of the next molecule
[01:43:41] Warning: molecule is tagged as 2D, but at least one Z coordinate is not zero. Marking the mol as 3D.
[01:43:41] Warning: molecule is tagged as 2D, but at least one Z coordinate is not zero. Marking the mol as 3D.
[01:43:41] Warning: molecule is tagged as 2D, but at least one Z coordinate is not zero. Marking the mol as 3D.
[01:43:41] Warning: molecule is tagged as 2D, but at least one Z coordinate is not zero. Marking the mol as 3D.
[01:43:41] ERROR: Problems encountered parsing data fields
[01:43:41] ERROR: moving to the beginning of the next molecule
[01:43:41] Warning: molecule is tagged as 2D, but at least one Z coordinate is not zero. Marking the mol as 3D.
[01:43:41] Warning: molecule is tagged as 2D, but at least one Z coordinate is not zero. Marking the mol as 3D.
[01:43:41] Warning: molecule is tagged as 2D, but at least one Z coordinate is not zero. Marking the mol as 3D.
[01:43:41] Warning: molecule is tagged as 2D, but at least one Z coordinate is not zero. Marking the mol as 3D.
[01:43:41] ERROR: Problems encountered parsing data fields
[01:43:41] ERROR: moving to the beginning of the next molecule
[01:43:41] Warning: molecule is tagged as 2D, but at least one Z coordinate is not zero. Marking the mol as 3D.
[01:43:41] Warning: molecule is tagged as 2D, but at least one Z coordinate is not zero. Marking the mol as 3D.
[01:43:41] Warning: molecule is tagged as 2D, but at least one Z coordinate is not zero. Marking the mol as 3D.
[01:43:41] Warning: molecule is tagged as 2D, but at least one Z coordinate is not zero. Marking the mol as 3D.
[01:43:41] ERROR: Problems encountered parsing data fields
[01:43:41] ERROR: moving to the beginning of the next molecule
[01:43:41] Warning: molecule is tagged as 2D, but at least one Z coordinate is not zero. Marking the mol as 3D.
[01:43:41] Warning: molecule is tagged as 2D, but at least one Z coordinate is not zero. Marking the mol as 3D.
[01:43:41] Warning: molecule is tagged as 2D, but at least one Z coordinate is not zero. Marking the mol as 3D.
[01:43:41] Warning: molecule is tagged as 2D, but at least one Z coordinate is not zero. Marking the mol as 3D.
[01:43:41] ERROR: Problems encountered parsing data fields
[01:43:41] ERROR: moving to the beginning of the next molecule
[01:43:41] Warning: molecule is tagged as 2D, but at least one Z coordinate is not zero. Marking the mol as 3D.
[01:43:41] Warning: molecule is tagged as 2D, but at least one Z coordinate is not zero. Marking the mol as 3D.
[01:43:41] Warning: molecule is tagged as 2D, but at least one Z coordinate is not zero. Marking the mol as 3D.
[01:43:41] Warning: molecule is tagged as 2D, but at least one Z coordinate is not zero. Marking the mol as 3D.
[01:43:41] ERROR: Problems encountered parsing data fields
[01:43:41] ERROR: moving to the beginning of the next molecule
[01:43:41] Warning: molecule is tagged as 2D, but at least one Z coordinate is not zero. Marking the mol as 3D.
[01:43:41] Warning: molecule is tagged as 2D, but at least one Z coordinate is not zero. Marking the mol as 3D.
[01:43:41] Warning: molecule is tagged as 2D, but at least one Z coordinate is not zero. Marking the mol as 3D.
[01:43:41] Warning: molecule is tagged as 2D, but at least one Z coordinate is not zero. Marking the mol as 3D.
[01:43:41] ERROR: Problems encountered parsing data fields
[01:43:41] ERROR: moving to the beginning of the next molecule
[01:43:41] Warning: molecule is tagged as 2D, but at least one Z coordinate is not zero. Marking the mol as 3D.
[01:43:41] Warning: molecule is tagged as 2D, but at least one Z coordinate is not zero. Marking the mol as 3D.
[01:43:41] Warning: molecule is tagged as 2D, but at least one Z coordinate is not zero. Marking the mol as 3D.
[01:43:41] Warning: molecule is tagged as 2D, but at least one Z coordinate is not zero. Marking the mol as 3D.
[01:43:41] ERROR: Problems encountered parsing data fields
[01:43:41] ERROR: moving to the beginning of the next molecule
[01:43:41] Warning: molecule is tagged as 2D, but at least one Z coordinate is not zero. Marking the mol as 3D.
[01:43:41] Warning: molecule is tagged as 2D, but at least one Z coordinate is not zero. Marking the mol as 3D.
[01:43:41] Warning: molecule is tagged as 2D, but at least one Z coordinate is not zero. Marking the mol as 3D.
[01:43:41] Warning: molecule is tagged as 2D, but at least one Z coordinate is not zero. Marking the mol as 3D.
[01:43:41] ERROR: Problems encountered parsing data fields
[01:43:41] ERROR: moving to the beginning of the next molecule
[01:43:41] Warning: molecule is tagged as 2D, but at least one Z coordinate is not zero. Marking the mol as 3D.
[01:43:41] Warning: molecule is tagged as 2D, but at least one Z coordinate is not zero. Marking the mol as 3D.
[01:43:41] Warning: molecule is tagged as 2D, but at least one Z coordinate is not zero. Marking the mol as 3D.
[01:43:41] Warning: molecule is tagged as 2D, but at least one Z coordinate is not zero. Marking the mol as 3D.
[01:43:41] ERROR: Problems encountered parsing data fields
[01:43:41] ERROR: moving to the beginning of the next molecule
[01:43:41] Warning: molecule is tagged as 2D, but at least one Z coordinate is not zero. Marking the mol as 3D.
[01:43:41] Warning: molecule is tagged as 2D, but at least one Z coordinate is not zero. Marking the mol as 3D.
[01:43:41] Warning: molecule is tagged as 2D, but at least one Z coordinate is not zero. Marking the mol as 3D.
[01:43:41] Warning: molecule is tagged as 2D, but at least one Z coordinate is not zero. Marking the mol as 3D.
[01:43:41] ERROR: Problems encountered parsing data fields
[01:43:41] ERROR: moving to the beginning of the next molecule
[01:43:41] Warning: molecule is tagged as 2D, but at least one Z coordinate is not zero. Marking the mol as 3D.
[01:43:41] Warning: molecule is tagged as 2D, but at least one Z coordinate is not zero. Marking the mol as 3D.
[01:43:41] Warning: molecule is tagged as 2D, but at least one Z coordinate is not zero. Marking the mol as 3D.
[01:43:41] Warning: molecule is tagged as 2D, but at least one Z coordinate is not zero. Marking the mol as 3D.
[01:43:41] ERROR: Problems encountered parsing data fields
[01:43:41] ERROR: moving to the beginning of the next molecule
[01:43:41] Warning: molecule is tagged as 2D, but at least one Z coordinate is not zero. Marking the mol as 3D.
[01:43:41] Warning: molecule is tagged as 2D, but at least one Z coordinate is not zero. Marking the mol as 3D.
[01:43:41] Warning: molecule is tagged as 2D, but at least one Z coordinate is not zero. Marking the mol as 3D.
[01:43:41] Warning: molecule is tagged as 2D, but at least one Z coordinate is not zero. Marking the mol as 3D.
[01:43:41] ERROR: Problems encountered parsing data fields
[01:43:41] ERROR: moving to the beginning of the next molecule
[01:43:41] Warning: molecule is tagged as 2D, but at least one Z coordinate is not zero. Marking the mol as 3D.
[01:43:41] Warning: molecule is tagged as 2D, but at least one Z coordinate is not zero. Marking the mol as 3D.
[01:43:41] Warning: molecule is tagged as 2D, but at least one Z coordinate is not zero. Marking the mol as 3D.
[01:43:41] Warning: molecule is tagged as 2D, but at least one Z coordinate is not zero. Marking the mol as 3D.
[01:43:41] ERROR: Problems encountered parsing data fields
[01:43:41] ERROR: moving to the beginning of the next molecule
[01:43:41] Warning: molecule is tagged as 2D, but at least one Z coordinate is not zero. Marking the mol as 3D.
[01:43:41] Warning: molecule is tagged as 2D, but at least one Z coordinate is not zero. Marking the mol as 3D.
[01:43:41] Warning: molecule is tagged as 2D, but at least one Z coordinate is not zero. Marking the mol as 3D.
[01:43:41] Warning: molecule is tagged as 2D, but at least one Z coordinate is not zero. Marking the mol as 3D.
[01:43:41] ERROR: Problems encountered parsing data fields
[01:43:41] ERROR: moving to the beginning of the next molecule
[01:43:41] Warning: molecule is tagged as 2D, but at least one Z coordinate is not zero. Marking the mol as 3D.
[01:43:41] Warning: molecule is tagged as 2D, but at least one Z coordinate is not zero. Marking the mol as 3D.
[01:43:41] Warning: molecule is tagged as 2D, but at least one Z coordinate is not zero. Marking the mol as 3D.
[01:43:41] Warning: molecule is tagged as 2D, but at least one Z coordinate is not zero. Marking the mol as 3D.
[01:43:41] ERROR: Problems encountered parsing data fields
[01:43:41] ERROR: moving to the beginning of the next molecule
[01:43:41] Warning: molecule is tagged as 2D, but at least one Z coordinate is not zero. Marking the mol as 3D.
[01:43:41] Warning: molecule is tagged as 2D, but at least one Z coordinate is not zero. Marking the mol as 3D.
[01:43:41] Warning: molecule is tagged as 2D, but at least one Z coordinate is not zero. Marking the mol as 3D.
[01:43:41] Warning: molecule is tagged as 2D, but at least one Z coordinate is not zero. Marking the mol as 3D.
[01:43:41] ERROR: Problems encountered parsing data fields
[01:43:41] ERROR: moving to the beginning of the next molecule
[01:43:41] Warning: molecule is tagged as 2D, but at least one Z coordinate is not zero. Marking the mol as 3D.
[01:43:41] Warning: molecule is tagged as 2D, but at least one Z coordinate is not zero. Marking the mol as 3D.
[01:43:41] Warning: molecule is tagged as 2D, but at least one Z coordinate is not zero. Marking the mol as 3D.
[01:43:41] Warning: molecule is tagged as 2D, but at least one Z coordinate is not zero. Marking the mol as 3D.
[01:43:41] ERROR: Problems encountered parsing data fields
[01:43:41] ERROR: moving to the beginning of the next molecule
[01:43:41] Warning: molecule is tagged as 2D, but at least one Z coordinate is not zero. Marking the mol as 3D.
[01:43:41] Warning: molecule is tagged as 2D, but at least one Z coordinate is not zero. Marking the mol as 3D.
[01:43:41] Warning: molecule is tagged as 2D, but at least one Z coordinate is not zero. Marking the mol as 3D.
[01:43:41] Warning: molecule is tagged as 2D, but at least one Z coordinate is not zero. Marking the mol as 3D.
[01:43:41] ERROR: Problems encountered parsing data fields
[01:43:41] ERROR: moving to the beginning of the next molecule
[01:43:41] Warning: molecule is tagged as 2D, but at least one Z coordinate is not zero. Marking the mol as 3D.
[01:43:41] Warning: molecule is tagged as 2D, but at least one Z coordinate is not zero. Marking the mol as 3D.
[01:43:41] Warning: molecule is tagged as 2D, but at least one Z coordinate is not zero. Marking the mol as 3D.
[01:43:41] Warning: molecule is tagged as 2D, but at least one Z coordinate is not zero. Marking the mol as 3D.
[01:43:41] ERROR: Problems encountered parsing data fields
[01:43:41] ERROR: moving to the beginning of the next molecule
[01:43:41] Warning: molecule is tagged as 2D, but at least one Z coordinate is not zero. Marking the mol as 3D.
[01:43:41] Warning: molecule is tagged as 2D, but at least one Z coordinate is not zero. Marking the mol as 3D.
[01:43:41] Warning: molecule is tagged as 2D, but at least one Z coordinate is not zero. Marking the mol as 3D.
[01:43:41] Warning: molecule is tagged as 2D, but at least one Z coordinate is not zero. Marking the mol as 3D.
[01:43:41] ERROR: Problems encountered parsing data fields
[01:43:41] ERROR: moving to the beginning of the next molecule
[01:43:41] Warning: molecule is tagged as 2D, but at least one Z coordinate is not zero. Marking the mol as 3D.
[01:43:41] Warning: molecule is tagged as 2D, but at least one Z coordinate is not zero. Marking the mol as 3D.
[01:43:41] Warning: molecule is tagged as 2D, but at least one Z coordinate is not zero. Marking the mol as 3D.
[01:43:41] Warning: molecule is tagged as 2D, but at least one Z coordinate is not zero. Marking the mol as 3D.
[01:43:41] ERROR: Problems encountered parsing data fields
[01:43:41] ERROR: moving to the beginning of the next molecule
[01:43:41] Warning: molecule is tagged as 2D, but at least one Z coordinate is not zero. Marking the mol as 3D.
[01:43:41] Warning: molecule is tagged as 2D, but at least one Z coordinate is not zero. Marking the mol as 3D.
[01:43:41] Warning: molecule is tagged as 2D, but at least one Z coordinate is not zero. Marking the mol as 3D.
[01:43:41] Warning: molecule is tagged as 2D, but at least one Z coordinate is not zero. Marking the mol as 3D.
[01:43:41] ERROR: Problems encountered parsing data fields
[01:43:41] ERROR: moving to the beginning of the next molecule
[01:43:41] Warning: molecule is tagged as 2D, but at least one Z coordinate is not zero. Marking the mol as 3D.
[01:43:41] Warning: molecule is tagged as 2D, but at least one Z coordinate is not zero. Marking the mol as 3D.
[01:43:41] Warning: molecule is tagged as 2D, but at least one Z coordinate is not zero. Marking the mol as 3D.
[01:43:41] Warning: molecule is tagged as 2D, but at least one Z coordinate is not zero. Marking the mol as 3D.
[01:43:41] ERROR: Problems encountered parsing data fields
[01:43:41] ERROR: moving to the beginning of the next molecule
[01:43:41] Warning: molecule is tagged as 2D, but at least one Z coordinate is not zero. Marking the mol as 3D.
[01:43:42] Warning: molecule is tagged as 2D, but at least one Z coordinate is not zero. Marking the mol as 3D.
[01:43:42] Warning: molecule is tagged as 2D, but at least one Z coordinate is not zero. Marking the mol as 3D.
[01:43:42] Warning: molecule is tagged as 2D, but at least one Z coordinate is not zero. Marking the mol as 3D.
[01:43:42] ERROR: Problems encountered parsing data fields
[01:43:42] ERROR: moving to the beginning of the next molecule
[01:43:42] Warning: molecule is tagged as 2D, but at least one Z coordinate is not zero. Marking the mol as 3D.
[01:43:42] Warning: molecule is tagged as 2D, but at least one Z coordinate is not zero. Marking the mol as 3D.
[01:43:42] Warning: molecule is tagged as 2D, but at least one Z coordinate is not zero. Marking the mol as 3D.
[01:43:42] Warning: molecule is tagged as 2D, but at least one Z coordinate is not zero. Marking the mol as 3D.
[01:43:42] ERROR: Problems encountered parsing data fields
[01:43:42] ERROR: moving to the beginning of the next molecule
[01:43:42] Warning: molecule is tagged as 2D, but at least one Z coordinate is not zero. Marking the mol as 3D.
[01:43:42] Warning: molecule is tagged as 2D, but at least one Z coordinate is not zero. Marking the mol as 3D.
[01:43:42] Warning: molecule is tagged as 2D, but at least one Z coordinate is not zero. Marking the mol as 3D.
[01:43:42] Warning: molecule is tagged as 2D, but at least one Z coordinate is not zero. Marking the mol as 3D.
[01:43:42] ERROR: Problems encountered parsing data fields
[01:43:42] ERROR: moving to the beginning of the next molecule
[01:43:42] Warning: molecule is tagged as 2D, but at least one Z coordinate is not zero. Marking the mol as 3D.
[01:43:42] Warning: molecule is tagged as 2D, but at least one Z coordinate is not zero. Marking the mol as 3D.
[01:43:42] Warning: molecule is tagged as 2D, but at least one Z coordinate is not zero. Marking the mol as 3D.
[01:43:42] Warning: molecule is tagged as 2D, but at least one Z coordinate is not zero. Marking the mol as 3D.
[01:43:42] ERROR: Problems encountered parsing data fields
[01:43:42] ERROR: moving to the beginning of the next molecule
[01:43:42] Warning: molecule is tagged as 2D, but at least one Z coordinate is not zero. Marking the mol as 3D.
[01:43:42] Warning: molecule is tagged as 2D, but at least one Z coordinate is not zero. Marking the mol as 3D.
[01:43:42] Warning: molecule is tagged as 2D, but at least one Z coordinate is not zero. Marking the mol as 3D.
[01:43:42] Warning: molecule is tagged as 2D, but at least one Z coordinate is not zero. Marking the mol as 3D.
[01:43:42] ERROR: Problems encountered parsing data fields
[01:43:42] ERROR: moving to the beginning of the next molecule
[01:43:42] Warning: molecule is tagged as 2D, but at least one Z coordinate is not zero. Marking the mol as 3D.
[01:43:42] Warning: molecule is tagged as 2D, but at least one Z coordinate is not zero. Marking the mol as 3D.
[01:43:42] Warning: molecule is tagged as 2D, but at least one Z coordinate is not zero. Marking the mol as 3D.
[01:43:42] Warning: molecule is tagged as 2D, but at least one Z coordinate is not zero. Marking the mol as 3D.
[01:43:42] ERROR: Problems encountered parsing data fields
[01:43:42] ERROR: moving to the beginning of the next molecule
[01:43:42] Warning: molecule is tagged as 2D, but at least one Z coordinate is not zero. Marking the mol as 3D.
[01:43:42] Warning: molecule is tagged as 2D, but at least one Z coordinate is not zero. Marking the mol as 3D.
[01:43:42] Warning: molecule is tagged as 2D, but at least one Z coordinate is not zero. Marking the mol as 3D.
[01:43:42] Warning: molecule is tagged as 2D, but at least one Z coordinate is not zero. Marking the mol as 3D.
[01:43:42] ERROR: Problems encountered parsing data fields
[01:43:42] ERROR: moving to the beginning of the next molecule
[01:43:42] Warning: molecule is tagged as 2D, but at least one Z coordinate is not zero. Marking the mol as 3D.
[01:43:42] Warning: molecule is tagged as 2D, but at least one Z coordinate is not zero. Marking the mol as 3D.
[01:43:42] Warning: molecule is tagged as 2D, but at least one Z coordinate is not zero. Marking the mol as 3D.
[01:43:42] Warning: molecule is tagged as 2D, but at least one Z coordinate is not zero. Marking the mol as 3D.
[01:43:42] ERROR: Problems encountered parsing data fields
[01:43:42] ERROR: moving to the beginning of the next molecule
[01:43:42] Warning: molecule is tagged as 2D, but at least one Z coordinate is not zero. Marking the mol as 3D.
[01:43:42] Warning: molecule is tagged as 2D, but at least one Z coordinate is not zero. Marking the mol as 3D.
[01:43:42] Warning: molecule is tagged as 2D, but at least one Z coordinate is not zero. Marking the mol as 3D.
[01:43:42] Warning: molecule is tagged as 2D, but at least one Z coordinate is not zero. Marking the mol as 3D.
[01:43:42] ERROR: Problems encountered parsing data fields
[01:43:42] ERROR: moving to the beginning of the next molecule
[01:43:42] Warning: molecule is tagged as 2D, but at least one Z coordinate is not zero. Marking the mol as 3D.
[01:43:42] Warning: molecule is tagged as 2D, but at least one Z coordinate is not zero. Marking the mol as 3D.
[01:43:42] Warning: molecule is tagged as 2D, but at least one Z coordinate is not zero. Marking the mol as 3D.
[01:43:42] Warning: molecule is tagged as 2D, but at least one Z coordinate is not zero. Marking the mol as 3D.
[01:43:42] ERROR: Problems encountered parsing data fields
[01:43:42] ERROR: moving to the beginning of the next molecule
[01:43:42] Warning: molecule is tagged as 2D, but at least one Z coordinate is not zero. Marking the mol as 3D.
[01:43:42] Warning: molecule is tagged as 2D, but at least one Z coordinate is not zero. Marking the mol as 3D.
[01:43:42] Warning: molecule is tagged as 2D, but at least one Z coordinate is not zero. Marking the mol as 3D.
[01:43:42] Warning: molecule is tagged as 2D, but at least one Z coordinate is not zero. Marking the mol as 3D.
[01:43:42] ERROR: Problems encountered parsing data fields
[01:43:42] ERROR: moving to the beginning of the next molecule
[01:43:42] Warning: molecule is tagged as 2D, but at least one Z coordinate is not zero. Marking the mol as 3D.
[01:43:42] Warning: molecule is tagged as 2D, but at least one Z coordinate is not zero. Marking the mol as 3D.
[01:43:42] Warning: molecule is tagged as 2D, but at least one Z coordinate is not zero. Marking the mol as 3D.
[01:43:42] Warning: molecule is tagged as 2D, but at least one Z coordinate is not zero. Marking the mol as 3D.
[01:43:42] ERROR: Problems encountered parsing data fields
[01:43:42] ERROR: moving to the beginning of the next molecule
[01:43:42] Warning: molecule is tagged as 2D, but at least one Z coordinate is not zero. Marking the mol as 3D.
[01:43:42] Warning: molecule is tagged as 2D, but at least one Z coordinate is not zero. Marking the mol as 3D.
[01:43:42] Warning: molecule is tagged as 2D, but at least one Z coordinate is not zero. Marking the mol as 3D.
[01:43:42] Warning: molecule is tagged as 2D, but at least one Z coordinate is not zero. Marking the mol as 3D.
[01:43:42] ERROR: Problems encountered parsing data fields
[01:43:42] ERROR: moving to the beginning of the next molecule
[01:43:42] Warning: molecule is tagged as 2D, but at least one Z coordinate is not zero. Marking the mol as 3D.
[01:43:42] Warning: molecule is tagged as 2D, but at least one Z coordinate is not zero. Marking the mol as 3D.
[01:43:42] Warning: molecule is tagged as 2D, but at least one Z coordinate is not zero. Marking the mol as 3D.
[01:43:42] Warning: molecule is tagged as 2D, but at least one Z coordinate is not zero. Marking the mol as 3D.
[01:43:42] ERROR: Problems encountered parsing data fields
[01:43:42] ERROR: moving to the beginning of the next molecule
[01:43:42] Warning: molecule is tagged as 2D, but at least one Z coordinate is not zero. Marking the mol as 3D.
[01:43:42] Warning: molecule is tagged as 2D, but at least one Z coordinate is not zero. Marking the mol as 3D.
[01:43:42] Warning: molecule is tagged as 2D, but at least one Z coordinate is not zero. Marking the mol as 3D.
[01:43:42] Warning: molecule is tagged as 2D, but at least one Z coordinate is not zero. Marking the mol as 3D.
[01:43:42] ERROR: Problems encountered parsing data fields
[01:43:42] ERROR: moving to the beginning of the next molecule
[01:43:42] Warning: molecule is tagged as 2D, but at least one Z coordinate is not zero. Marking the mol as 3D.
[01:43:42] Warning: molecule is tagged as 2D, but at least one Z coordinate is not zero. Marking the mol as 3D.
[01:43:42] Warning: molecule is tagged as 2D, but at least one Z coordinate is not zero. Marking the mol as 3D.
[01:43:42] Warning: molecule is tagged as 2D, but at least one Z coordinate is not zero. Marking the mol as 3D.
[01:43:42] ERROR: Problems encountered parsing data fields
[01:43:42] ERROR: moving to the beginning of the next molecule
[01:43:42] Warning: molecule is tagged as 2D, but at least one Z coordinate is not zero. Marking the mol as 3D.
[01:43:42] Warning: molecule is tagged as 2D, but at least one Z coordinate is not zero. Marking the mol as 3D.
[01:43:42] Warning: molecule is tagged as 2D, but at least one Z coordinate is not zero. Marking the mol as 3D.
[01:43:42] Warning: molecule is tagged as 2D, but at least one Z coordinate is not zero. Marking the mol as 3D.
[01:43:42] ERROR: Problems encountered parsing data fields
[01:43:42] ERROR: moving to the beginning of the next molecule
[01:43:42] Warning: molecule is tagged as 2D, but at least one Z coordinate is not zero. Marking the mol as 3D.
[01:43:42] Warning: molecule is tagged as 2D, but at least one Z coordinate is not zero. Marking the mol as 3D.
[01:43:42] Warning: molecule is tagged as 2D, but at least one Z coordinate is not zero. Marking the mol as 3D.
[01:43:42] Warning: molecule is tagged as 2D, but at least one Z coordinate is not zero. Marking the mol as 3D.
[01:43:42] ERROR: Problems encountered parsing data fields
[01:43:42] ERROR: moving to the beginning of the next molecule
[01:43:42] Warning: molecule is tagged as 2D, but at least one Z coordinate is not zero. Marking the mol as 3D.
[01:43:42] Warning: molecule is tagged as 2D, but at least one Z coordinate is not zero. Marking the mol as 3D.
[01:43:42] Warning: molecule is tagged as 2D, but at least one Z coordinate is not zero. Marking the mol as 3D.
[01:43:42] Warning: molecule is tagged as 2D, but at least one Z coordinate is not zero. Marking the mol as 3D.
[01:43:42] ERROR: Problems encountered parsing data fields
[01:43:42] ERROR: moving to the beginning of the next molecule
[01:43:42] Warning: molecule is tagged as 2D, but at least one Z coordinate is not zero. Marking the mol as 3D.
[01:43:42] Warning: molecule is tagged as 2D, but at least one Z coordinate is not zero. Marking the mol as 3D.
[01:43:42] Warning: molecule is tagged as 2D, but at least one Z coordinate is not zero. Marking the mol as 3D.
[01:43:42] Warning: molecule is tagged as 2D, but at least one Z coordinate is not zero. Marking the mol as 3D.
[01:43:42] ERROR: Problems encountered parsing data fields
[01:43:42] ERROR: moving to the beginning of the next molecule
[01:43:42] Warning: molecule is tagged as 2D, but at least one Z coordinate is not zero. Marking the mol as 3D.
[01:43:42] Warning: molecule is tagged as 2D, but at least one Z coordinate is not zero. Marking the mol as 3D.
[01:43:42] Warning: molecule is tagged as 2D, but at least one Z coordinate is not zero. Marking the mol as 3D.
[01:43:42] Warning: molecule is tagged as 2D, but at least one Z coordinate is not zero. Marking the mol as 3D.
[01:43:42] ERROR: Problems encountered parsing data fields
[01:43:42] ERROR: moving to the beginning of the next molecule
[01:43:42] Warning: molecule is tagged as 2D, but at least one Z coordinate is not zero. Marking the mol as 3D.
[01:43:42] Warning: molecule is tagged as 2D, but at least one Z coordinate is not zero. Marking the mol as 3D.
[01:43:42] Warning: molecule is tagged as 2D, but at least one Z coordinate is not zero. Marking the mol as 3D.
[01:43:42] Warning: molecule is tagged as 2D, but at least one Z coordinate is not zero. Marking the mol as 3D.
[01:43:42] ERROR: Problems encountered parsing data fields
[01:43:42] ERROR: moving to the beginning of the next molecule
[01:43:42] Warning: molecule is tagged as 2D, but at least one Z coordinate is not zero. Marking the mol as 3D.
[01:43:42] Warning: molecule is tagged as 2D, but at least one Z coordinate is not zero. Marking the mol as 3D.
[01:43:42] Warning: molecule is tagged as 2D, but at least one Z coordinate is not zero. Marking the mol as 3D.
[01:43:42] Warning: molecule is tagged as 2D, but at least one Z coordinate is not zero. Marking the mol as 3D.
[01:43:43] ERROR: Problems encountered parsing data fields
[01:43:43] ERROR: moving to the beginning of the next molecule
[01:43:43] Warning: molecule is tagged as 2D, but at least one Z coordinate is not zero. Marking the mol as 3D.
[01:43:43] Warning: molecule is tagged as 2D, but at least one Z coordinate is not zero. Marking the mol as 3D.
[01:43:43] Warning: molecule is tagged as 2D, but at least one Z coordinate is not zero. Marking the mol as 3D.
[01:43:43] Warning: molecule is tagged as 2D, but at least one Z coordinate is not zero. Marking the mol as 3D.
[01:43:43] ERROR: Problems encountered parsing data fields
[01:43:43] ERROR: moving to the beginning of the next molecule
[01:43:43] Warning: molecule is tagged as 2D, but at least one Z coordinate is not zero. Marking the mol as 3D.
[01:43:43] Warning: molecule is tagged as 2D, but at least one Z coordinate is not zero. Marking the mol as 3D.
[01:43:43] Warning: molecule is tagged as 2D, but at least one Z coordinate is not zero. Marking the mol as 3D.
[01:43:43] Warning: molecule is tagged as 2D, but at least one Z coordinate is not zero. Marking the mol as 3D.
[01:43:43] ERROR: Problems encountered parsing data fields
[01:43:43] ERROR: moving to the beginning of the next molecule
[01:43:43] Warning: molecule is tagged as 2D, but at least one Z coordinate is not zero. Marking the mol as 3D.
[01:43:43] Warning: molecule is tagged as 2D, but at least one Z coordinate is not zero. Marking the mol as 3D.
[01:43:43] Warning: molecule is tagged as 2D, but at least one Z coordinate is not zero. Marking the mol as 3D.
[01:43:43] Warning: molecule is tagged as 2D, but at least one Z coordinate is not zero. Marking the mol as 3D.
[01:43:43] ERROR: Problems encountered parsing data fields
[01:43:43] ERROR: moving to the beginning of the next molecule
[01:43:43] Warning: molecule is tagged as 2D, but at least one Z coordinate is not zero. Marking the mol as 3D.
[01:43:43] Warning: molecule is tagged as 2D, but at least one Z coordinate is not zero. Marking the mol as 3D.
[01:43:43] Warning: molecule is tagged as 2D, but at least one Z coordinate is not zero. Marking the mol as 3D.
[01:43:43] Warning: molecule is tagged as 2D, but at least one Z coordinate is not zero. Marking the mol as 3D.
[01:43:43] ERROR: Problems encountered parsing data fields
[01:43:43] ERROR: moving to the beginning of the next molecule
[01:43:43] Warning: molecule is tagged as 2D, but at least one Z coordinate is not zero. Marking the mol as 3D.
[01:43:43] Warning: molecule is tagged as 2D, but at least one Z coordinate is not zero. Marking the mol as 3D.
[01:43:43] Warning: molecule is tagged as 2D, but at least one Z coordinate is not zero. Marking the mol as 3D.
[01:43:43] Warning: molecule is tagged as 2D, but at least one Z coordinate is not zero. Marking the mol as 3D.
[01:43:43] ERROR: Problems encountered parsing data fields
[01:43:43] ERROR: moving to the beginning of the next molecule
[01:43:43] Warning: molecule is tagged as 2D, but at least one Z coordinate is not zero. Marking the mol as 3D.
[01:43:43] Warning: molecule is tagged as 2D, but at least one Z coordinate is not zero. Marking the mol as 3D.
[01:43:43] Warning: molecule is tagged as 2D, but at least one Z coordinate is not zero. Marking the mol as 3D.
[01:43:43] Warning: molecule is tagged as 2D, but at least one Z coordinate is not zero. Marking the mol as 3D.
[01:43:43] ERROR: Problems encountered parsing data fields
[01:43:43] ERROR: moving to the beginning of the next molecule
[01:43:43] Warning: molecule is tagged as 2D, but at least one Z coordinate is not zero. Marking the mol as 3D.
[01:43:43] Warning: molecule is tagged as 2D, but at least one Z coordinate is not zero. Marking the mol as 3D.
[01:43:43] Warning: molecule is tagged as 2D, but at least one Z coordinate is not zero. Marking the mol as 3D.
[01:43:43] Warning: molecule is tagged as 2D, but at least one Z coordinate is not zero. Marking the mol as 3D.
[01:43:43] ERROR: Problems encountered parsing data fields
[01:43:43] ERROR: moving to the beginning of the next molecule
[01:43:43] Warning: molecule is tagged as 2D, but at least one Z coordinate is not zero. Marking the mol as 3D.
[01:43:44] Warning: molecule is tagged as 2D, but at least one Z coordinate is not zero. Marking the mol as 3D.
[01:43:44] Warning: molecule is tagged as 2D, but at least one Z coordinate is not zero. Marking the mol as 3D.
[01:43:44] Warning: molecule is tagged as 2D, but at least one Z coordinate is not zero. Marking the mol as 3D.
[01:43:44] ERROR: Problems encountered parsing data fields
[01:43:44] ERROR: moving to the beginning of the next molecule
[01:43:44] Warning: molecule is tagged as 2D, but at least one Z coordinate is not zero. Marking the mol as 3D.
[01:43:44] Warning: molecule is tagged as 2D, but at least one Z coordinate is not zero. Marking the mol as 3D.
[01:43:44] Warning: molecule is tagged as 2D, but at least one Z coordinate is not zero. Marking the mol as 3D.
[01:43:44] Warning: molecule is tagged as 2D, but at least one Z coordinate is not zero. Marking the mol as 3D.
[01:43:44] ERROR: Problems encountered parsing data fields
[01:43:44] ERROR: moving to the beginning of the next molecule
[01:43:44] Warning: molecule is tagged as 2D, but at least one Z coordinate is not zero. Marking the mol as 3D.
[01:43:44] Warning: molecule is tagged as 2D, but at least one Z coordinate is not zero. Marking the mol as 3D.
[01:43:44] Warning: molecule is tagged as 2D, but at least one Z coordinate is not zero. Marking the mol as 3D.
[01:43:44] Warning: molecule is tagged as 2D, but at least one Z coordinate is not zero. Marking the mol as 3D.
[01:43:44] ERROR: Problems encountered parsing data fields
[01:43:44] ERROR: moving to the beginning of the next molecule
[01:43:44] Warning: molecule is tagged as 2D, but at least one Z coordinate is not zero. Marking the mol as 3D.
[01:43:44] Warning: molecule is tagged as 2D, but at least one Z coordinate is not zero. Marking the mol as 3D.
[01:43:44] Warning: molecule is tagged as 2D, but at least one Z coordinate is not zero. Marking the mol as 3D.
[01:43:44] Warning: molecule is tagged as 2D, but at least one Z coordinate is not zero. Marking the mol as 3D.
[01:43:44] ERROR: Problems encountered parsing data fields
[01:43:44] ERROR: moving to the beginning of the next molecule
[01:43:44] Warning: molecule is tagged as 2D, but at least one Z coordinate is not zero. Marking the mol as 3D.
[01:43:44] Warning: molecule is tagged as 2D, but at least one Z coordinate is not zero. Marking the mol as 3D.
[01:43:44] Warning: molecule is tagged as 2D, but at least one Z coordinate is not zero. Marking the mol as 3D.
[01:43:44] Warning: molecule is tagged as 2D, but at least one Z coordinate is not zero. Marking the mol as 3D.
[01:43:44] ERROR: Problems encountered parsing data fields
[01:43:44] ERROR: moving to the beginning of the next molecule
[01:43:44] Warning: molecule is tagged as 2D, but at least one Z coordinate is not zero. Marking the mol as 3D.
[01:43:44] Warning: molecule is tagged as 2D, but at least one Z coordinate is not zero. Marking the mol as 3D.
[01:43:44] Warning: molecule is tagged as 2D, but at least one Z coordinate is not zero. Marking the mol as 3D.
[01:43:44] Warning: molecule is tagged as 2D, but at least one Z coordinate is not zero. Marking the mol as 3D.
[01:43:44] ERROR: Problems encountered parsing data fields
[01:43:44] ERROR: moving to the beginning of the next molecule
[01:43:44] Warning: molecule is tagged as 2D, but at least one Z coordinate is not zero. Marking the mol as 3D.
[01:43:44] Warning: molecule is tagged as 2D, but at least one Z coordinate is not zero. Marking the mol as 3D.
[01:43:44] Warning: molecule is tagged as 2D, but at least one Z coordinate is not zero. Marking the mol as 3D.
[01:43:44] Warning: molecule is tagged as 2D, but at least one Z coordinate is not zero. Marking the mol as 3D.
[01:43:44] ERROR: Problems encountered parsing data fields
[01:43:44] ERROR: moving to the beginning of the next molecule
[01:43:44] Warning: molecule is tagged as 2D, but at least one Z coordinate is not zero. Marking the mol as 3D.
[01:43:44] Warning: molecule is tagged as 2D, but at least one Z coordinate is not zero. Marking the mol as 3D.
[01:43:44] Warning: molecule is tagged as 2D, but at least one Z coordinate is not zero. Marking the mol as 3D.
[01:43:44] Warning: molecule is tagged as 2D, but at least one Z coordinate is not zero. Marking the mol as 3D.
[01:43:44] ERROR: Problems encountered parsing data fields
[01:43:44] ERROR: moving to the beginning of the next molecule
[01:43:44] Warning: molecule is tagged as 2D, but at least one Z coordinate is not zero. Marking the mol as 3D.
[01:43:44] Warning: molecule is tagged as 2D, but at least one Z coordinate is not zero. Marking the mol as 3D.
[01:43:44] Warning: molecule is tagged as 2D, but at least one Z coordinate is not zero. Marking the mol as 3D.
[01:43:44] Warning: molecule is tagged as 2D, but at least one Z coordinate is not zero. Marking the mol as 3D.
[01:43:44] ERROR: Problems encountered parsing data fields
[01:43:44] ERROR: moving to the beginning of the next molecule
[01:43:44] Warning: molecule is tagged as 2D, but at least one Z coordinate is not zero. Marking the mol as 3D.
[01:43:44] Warning: molecule is tagged as 2D, but at least one Z coordinate is not zero. Marking the mol as 3D.
[01:43:44] Warning: molecule is tagged as 2D, but at least one Z coordinate is not zero. Marking the mol as 3D.
[01:43:44] Warning: molecule is tagged as 2D, but at least one Z coordinate is not zero. Marking the mol as 3D.
[01:43:44] ERROR: Problems encountered parsing data fields
[01:43:44] ERROR: moving to the beginning of the next molecule
[01:43:44] Warning: molecule is tagged as 2D, but at least one Z coordinate is not zero. Marking the mol as 3D.
[01:43:44] Warning: molecule is tagged as 2D, but at least one Z coordinate is not zero. Marking the mol as 3D.
[01:43:44] Warning: molecule is tagged as 2D, but at least one Z coordinate is not zero. Marking the mol as 3D.
[01:43:44] Warning: molecule is tagged as 2D, but at least one Z coordinate is not zero. Marking the mol as 3D.
[01:43:44] ERROR: Problems encountered parsing data fields
[01:43:44] ERROR: moving to the beginning of the next molecule
[01:43:44] Warning: molecule is tagged as 2D, but at least one Z coordinate is not zero. Marking the mol as 3D.
[01:43:44] Warning: molecule is tagged as 2D, but at least one Z coordinate is not zero. Marking the mol as 3D.
[01:43:44] Warning: molecule is tagged as 2D, but at least one Z coordinate is not zero. Marking the mol as 3D.
[01:43:44] Warning: molecule is tagged as 2D, but at least one Z coordinate is not zero. Marking the mol as 3D.
[01:43:44] ERROR: Problems encountered parsing data fields
[01:43:44] ERROR: moving to the beginning of the next molecule
[01:43:44] Warning: molecule is tagged as 2D, but at least one Z coordinate is not zero. Marking the mol as 3D.
[01:43:44] Warning: molecule is tagged as 2D, but at least one Z coordinate is not zero. Marking the mol as 3D.
[01:43:44] Warning: molecule is tagged as 2D, but at least one Z coordinate is not zero. Marking the mol as 3D.
[01:43:44] Warning: molecule is tagged as 2D, but at least one Z coordinate is not zero. Marking the mol as 3D.
[01:43:44] ERROR: Problems encountered parsing data fields
[01:43:44] ERROR: moving to the beginning of the next molecule
[01:43:44] Warning: molecule is tagged as 2D, but at least one Z coordinate is not zero. Marking the mol as 3D.
[01:43:44] Warning: molecule is tagged as 2D, but at least one Z coordinate is not zero. Marking the mol as 3D.
[01:43:44] Warning: molecule is tagged as 2D, but at least one Z coordinate is not zero. Marking the mol as 3D.
[01:43:44] Warning: molecule is tagged as 2D, but at least one Z coordinate is not zero. Marking the mol as 3D.
[01:43:44] ERROR: Cannot convert '5 C' to int on line 5
[01:43:44] ERROR: moving to the beginning of the next molecule
[01:43:44] ERROR: Problems encountered parsing data fields
[01:43:44] ERROR: moving to the beginning of the next molecule
[01:43:44] Warning: molecule is tagged as 2D, but at least one Z coordinate is not zero. Marking the mol as 3D.
[01:43:44] Warning: molecule is tagged as 2D, but at least one Z coordinate is not zero. Marking the mol as 3D.
[01:43:44] Warning: molecule is tagged as 2D, but at least one Z coordinate is not zero. Marking the mol as 3D.
[01:43:44] Warning: molecule is tagged as 2D, but at least one Z coordinate is not zero. Marking the mol as 3D.
[01:43:44] ERROR: Cannot convert ' C ' to int on line 5
[01:43:44] ERROR: moving to the beginning of the next molecule
[01:43:44] ERROR: Problems encountered parsing data fields
[01:43:44] ERROR: moving to the beginning of the next molecule
[01:43:44] Warning: molecule is tagged as 2D, but at least one Z coordinate is not zero. Marking the mol as 3D.
[01:43:44] Warning: molecule is tagged as 2D, but at least one Z coordinate is not zero. Marking the mol as 3D.
[01:43:44] Warning: molecule is tagged as 2D, but at least one Z coordinate is not zero. Marking the mol as 3D.
[01:43:44] Warning: molecule is tagged as 2D, but at least one Z coordinate is not zero. Marking the mol as 3D.
[01:43:44] ERROR: Problems encountered parsing data fields
[01:43:44] ERROR: moving to the beginning of the next molecule
[01:43:44] Warning: molecule is tagged as 2D, but at least one Z coordinate is not zero. Marking the mol as 3D.
[01:43:44] Warning: molecule is tagged as 2D, but at least one Z coordinate is not zero. Marking the mol as 3D.
[01:43:44] Warning: molecule is tagged as 2D, but at least one Z coordinate is not zero. Marking the mol as 3D.
[01:43:44] Warning: molecule is tagged as 2D, but at least one Z coordinate is not zero. Marking the mol as 3D.
[01:43:44] ERROR: Problems encountered parsing data fields
[01:43:44] ERROR: moving to the beginning of the next molecule
[01:43:44] Warning: molecule is tagged as 2D, but at least one Z coordinate is not zero. Marking the mol as 3D.
[01:43:44] Warning: molecule is tagged as 2D, but at least one Z coordinate is not zero. Marking the mol as 3D.
[01:43:44] Warning: molecule is tagged as 2D, but at least one Z coordinate is not zero. Marking the mol as 3D.
[01:43:44] Warning: molecule is tagged as 2D, but at least one Z coordinate is not zero. Marking the mol as 3D.
[01:43:44] ERROR: Problems encountered parsing data fields
[01:43:44] ERROR: moving to the beginning of the next molecule
[01:43:44] Warning: molecule is tagged as 2D, but at least one Z coordinate is not zero. Marking the mol as 3D.
[01:43:44] Warning: molecule is tagged as 2D, but at least one Z coordinate is not zero. Marking the mol as 3D.
[01:43:44] Warning: molecule is tagged as 2D, but at least one Z coordinate is not zero. Marking the mol as 3D.
[01:43:44] Warning: molecule is tagged as 2D, but at least one Z coordinate is not zero. Marking the mol as 3D.
[01:43:44] ERROR: Problems encountered parsing data fields
[01:43:44] ERROR: moving to the beginning of the next molecule
[01:43:44] Warning: molecule is tagged as 2D, but at least one Z coordinate is not zero. Marking the mol as 3D.
[01:43:44] Warning: molecule is tagged as 2D, but at least one Z coordinate is not zero. Marking the mol as 3D.
[01:43:44] Warning: molecule is tagged as 2D, but at least one Z coordinate is not zero. Marking the mol as 3D.
[01:43:44] Warning: molecule is tagged as 2D, but at least one Z coordinate is not zero. Marking the mol as 3D.
[01:43:44] ERROR: Problems encountered parsing data fields
[01:43:44] ERROR: moving to the beginning of the next molecule
[01:43:44] Warning: molecule is tagged as 2D, but at least one Z coordinate is not zero. Marking the mol as 3D.
[01:43:44] Warning: molecule is tagged as 2D, but at least one Z coordinate is not zero. Marking the mol as 3D.
[01:43:44] Warning: molecule is tagged as 2D, but at least one Z coordinate is not zero. Marking the mol as 3D.
[01:43:44] Warning: molecule is tagged as 2D, but at least one Z coordinate is not zero. Marking the mol as 3D.
[01:43:44] ERROR: Problems encountered parsing data fields
[01:43:44] ERROR: moving to the beginning of the next molecule
[01:43:44] Warning: molecule is tagged as 2D, but at least one Z coordinate is not zero. Marking the mol as 3D.
[01:43:44] Warning: molecule is tagged as 2D, but at least one Z coordinate is not zero. Marking the mol as 3D.
[01:43:44] Warning: molecule is tagged as 2D, but at least one Z coordinate is not zero. Marking the mol as 3D.
[01:43:44] Warning: molecule is tagged as 2D, but at least one Z coordinate is not zero. Marking the mol as 3D.
[01:43:44] ERROR: Problems encountered parsing data fields
[01:43:44] ERROR: moving to the beginning of the next molecule
[01:43:44] Warning: molecule is tagged as 2D, but at least one Z coordinate is not zero. Marking the mol as 3D.
[01:43:44] Warning: molecule is tagged as 2D, but at least one Z coordinate is not zero. Marking the mol as 3D.
[01:43:44] Warning: molecule is tagged as 2D, but at least one Z coordinate is not zero. Marking the mol as 3D.
[01:43:44] Warning: molecule is tagged as 2D, but at least one Z coordinate is not zero. Marking the mol as 3D.
[01:43:44] ERROR: Problems encountered parsing data fields
[01:43:44] ERROR: moving to the beginning of the next molecule
[01:43:44] Warning: molecule is tagged as 2D, but at least one Z coordinate is not zero. Marking the mol as 3D.
[01:43:44] Warning: molecule is tagged as 2D, but at least one Z coordinate is not zero. Marking the mol as 3D.
[01:43:44] Warning: molecule is tagged as 2D, but at least one Z coordinate is not zero. Marking the mol as 3D.
[01:43:44] Warning: molecule is tagged as 2D, but at least one Z coordinate is not zero. Marking the mol as 3D.
[01:43:44] ERROR: Problems encountered parsing data fields
[01:43:44] ERROR: moving to the beginning of the next molecule
[01:43:44] Warning: molecule is tagged as 2D, but at least one Z coordinate is not zero. Marking the mol as 3D.
[01:43:44] Warning: molecule is tagged as 2D, but at least one Z coordinate is not zero. Marking the mol as 3D.
[01:43:44] Warning: molecule is tagged as 2D, but at least one Z coordinate is not zero. Marking the mol as 3D.
[01:43:44] Warning: molecule is tagged as 2D, but at least one Z coordinate is not zero. Marking the mol as 3D.
[01:43:44] ERROR: Problems encountered parsing data fields
[01:43:44] ERROR: moving to the beginning of the next molecule
[01:43:44] Warning: molecule is tagged as 2D, but at least one Z coordinate is not zero. Marking the mol as 3D.
[01:43:44] Warning: molecule is tagged as 2D, but at least one Z coordinate is not zero. Marking the mol as 3D.
[01:43:44] Warning: molecule is tagged as 2D, but at least one Z coordinate is not zero. Marking the mol as 3D.
[01:43:44] Warning: molecule is tagged as 2D, but at least one Z coordinate is not zero. Marking the mol as 3D.
[01:43:44] ERROR: Problems encountered parsing data fields
[01:43:44] ERROR: moving to the beginning of the next molecule
[01:43:44] Warning: molecule is tagged as 2D, but at least one Z coordinate is not zero. Marking the mol as 3D.
[01:43:44] Warning: molecule is tagged as 2D, but at least one Z coordinate is not zero. Marking the mol as 3D.
[01:43:44] Warning: molecule is tagged as 2D, but at least one Z coordinate is not zero. Marking the mol as 3D.
[01:43:44] Warning: molecule is tagged as 2D, but at least one Z coordinate is not zero. Marking the mol as 3D.
[01:43:44] ERROR: Problems encountered parsing data fields
[01:43:44] ERROR: moving to the beginning of the next molecule
[01:43:44] Warning: molecule is tagged as 2D, but at least one Z coordinate is not zero. Marking the mol as 3D.
[01:43:44] Warning: molecule is tagged as 2D, but at least one Z coordinate is not zero. Marking the mol as 3D.
[01:43:44] Warning: molecule is tagged as 2D, but at least one Z coordinate is not zero. Marking the mol as 3D.
[01:43:44] Warning: molecule is tagged as 2D, but at least one Z coordinate is not zero. Marking the mol as 3D.
[01:43:44] ERROR: Problems encountered parsing data fields
[01:43:44] ERROR: moving to the beginning of the next molecule
[01:43:44] Warning: molecule is tagged as 2D, but at least one Z coordinate is not zero. Marking the mol as 3D.
[01:43:44] Warning: molecule is tagged as 2D, but at least one Z coordinate is not zero. Marking the mol as 3D.
[01:43:44] Warning: molecule is tagged as 2D, but at least one Z coordinate is not zero. Marking the mol as 3D.
[01:43:44] Warning: molecule is tagged as 2D, but at least one Z coordinate is not zero. Marking the mol as 3D.
[01:43:44] ERROR: Problems encountered parsing data fields
[01:43:44] ERROR: moving to the beginning of the next molecule
[01:43:44] Warning: molecule is tagged as 2D, but at least one Z coordinate is not zero. Marking the mol as 3D.
[01:43:44] Warning: molecule is tagged as 2D, but at least one Z coordinate is not zero. Marking the mol as 3D.
[01:43:44] Warning: molecule is tagged as 2D, but at least one Z coordinate is not zero. Marking the mol as 3D.
[01:43:44] Warning: molecule is tagged as 2D, but at least one Z coordinate is not zero. Marking the mol as 3D.
[01:43:44] ERROR: Problems encountered parsing data fields
[01:43:44] ERROR: moving to the beginning of the next molecule
[01:43:44] Warning: molecule is tagged as 2D, but at least one Z coordinate is not zero. Marking the mol as 3D.
[01:43:44] Warning: molecule is tagged as 2D, but at least one Z coordinate is not zero. Marking the mol as 3D.
[01:43:44] Warning: molecule is tagged as 2D, but at least one Z coordinate is not zero. Marking the mol as 3D.
[01:43:44] Warning: molecule is tagged as 2D, but at least one Z coordinate is not zero. Marking the mol as 3D.
[01:43:44] ERROR: Problems encountered parsing data fields
[01:43:44] ERROR: moving to the beginning of the next molecule
[01:43:44] Warning: molecule is tagged as 2D, but at least one Z coordinate is not zero. Marking the mol as 3D.
[01:43:44] Warning: molecule is tagged as 2D, but at least one Z coordinate is not zero. Marking the mol as 3D.
[01:43:44] Warning: molecule is tagged as 2D, but at least one Z coordinate is not zero. Marking the mol as 3D.
[01:43:44] Warning: molecule is tagged as 2D, but at least one Z coordinate is not zero. Marking the mol as 3D.
[01:43:44] ERROR: Problems encountered parsing data fields
[01:43:44] ERROR: moving to the beginning of the next molecule
[01:43:44] Warning: molecule is tagged as 2D, but at least one Z coordinate is not zero. Marking the mol as 3D.
[01:43:44] Warning: molecule is tagged as 2D, but at least one Z coordinate is not zero. Marking the mol as 3D.
[01:43:44] Warning: molecule is tagged as 2D, but at least one Z coordinate is not zero. Marking the mol as 3D.
[01:43:44] Warning: molecule is tagged as 2D, but at least one Z coordinate is not zero. Marking the mol as 3D.
[01:43:44] ERROR: Problems encountered parsing data fields
[01:43:44] ERROR: moving to the beginning of the next molecule
[01:43:44] Warning: molecule is tagged as 2D, but at least one Z coordinate is not zero. Marking the mol as 3D.
[01:43:44] Warning: molecule is tagged as 2D, but at least one Z coordinate is not zero. Marking the mol as 3D.
[01:43:44] Warning: molecule is tagged as 2D, but at least one Z coordinate is not zero. Marking the mol as 3D.
[01:43:44] Warning: molecule is tagged as 2D, but at least one Z coordinate is not zero. Marking the mol as 3D.
[01:43:44] ERROR: Problems encountered parsing data fields
[01:43:44] ERROR: moving to the beginning of the next molecule
[01:43:44] Warning: molecule is tagged as 2D, but at least one Z coordinate is not zero. Marking the mol as 3D.
[01:43:44] Warning: molecule is tagged as 2D, but at least one Z coordinate is not zero. Marking the mol as 3D.
[01:43:44] Warning: molecule is tagged as 2D, but at least one Z coordinate is not zero. Marking the mol as 3D.
[01:43:44] Warning: molecule is tagged as 2D, but at least one Z coordinate is not zero. Marking the mol as 3D.
[01:43:44] ERROR: Problems encountered parsing data fields
[01:43:44] ERROR: moving to the beginning of the next molecule
[01:43:44] Warning: molecule is tagged as 2D, but at least one Z coordinate is not zero. Marking the mol as 3D.
[01:43:44] Warning: molecule is tagged as 2D, but at least one Z coordinate is not zero. Marking the mol as 3D.
[01:43:44] Warning: molecule is tagged as 2D, but at least one Z coordinate is not zero. Marking the mol as 3D.
[01:43:44] Warning: molecule is tagged as 2D, but at least one Z coordinate is not zero. Marking the mol as 3D.
[01:43:44] ERROR: Problems encountered parsing data fields
[01:43:44] ERROR: moving to the beginning of the next molecule
[01:43:44] Warning: molecule is tagged as 2D, but at least one Z coordinate is not zero. Marking the mol as 3D.
[01:43:44] Warning: molecule is tagged as 2D, but at least one Z coordinate is not zero. Marking the mol as 3D.
[01:43:44] Warning: molecule is tagged as 2D, but at least one Z coordinate is not zero. Marking the mol as 3D.
[01:43:44] Warning: molecule is tagged as 2D, but at least one Z coordinate is not zero. Marking the mol as 3D.
[01:43:44] ERROR: Problems encountered parsing data fields
[01:43:44] ERROR: moving to the beginning of the next molecule
[01:43:44] Warning: molecule is tagged as 2D, but at least one Z coordinate is not zero. Marking the mol as 3D.
[01:43:44] Warning: molecule is tagged as 2D, but at least one Z coordinate is not zero. Marking the mol as 3D.
[01:43:44] Warning: molecule is tagged as 2D, but at least one Z coordinate is not zero. Marking the mol as 3D.
[01:43:44] Warning: molecule is tagged as 2D, but at least one Z coordinate is not zero. Marking the mol as 3D.
[01:43:44] ERROR: Problems encountered parsing data fields
[01:43:44] ERROR: moving to the beginning of the next molecule
[01:43:44] Warning: molecule is tagged as 2D, but at least one Z coordinate is not zero. Marking the mol as 3D.
[01:43:44] Warning: molecule is tagged as 2D, but at least one Z coordinate is not zero. Marking the mol as 3D.
[01:43:44] Warning: molecule is tagged as 2D, but at least one Z coordinate is not zero. Marking the mol as 3D.
[01:43:44] Warning: molecule is tagged as 2D, but at least one Z coordinate is not zero. Marking the mol as 3D.
[01:43:44] ERROR: Problems encountered parsing data fields
[01:43:44] ERROR: moving to the beginning of the next molecule
[01:43:44] Warning: molecule is tagged as 2D, but at least one Z coordinate is not zero. Marking the mol as 3D.
[01:43:44] Warning: molecule is tagged as 2D, but at least one Z coordinate is not zero. Marking the mol as 3D.
[01:43:44] Warning: molecule is tagged as 2D, but at least one Z coordinate is not zero. Marking the mol as 3D.
[01:43:45] Warning: molecule is tagged as 2D, but at least one Z coordinate is not zero. Marking the mol as 3D.
[01:43:45] ERROR: Problems encountered parsing data fields
[01:43:45] ERROR: moving to the beginning of the next molecule
[01:43:45] Warning: molecule is tagged as 2D, but at least one Z coordinate is not zero. Marking the mol as 3D.
[01:43:45] Warning: molecule is tagged as 2D, but at least one Z coordinate is not zero. Marking the mol as 3D.
[01:43:45] Warning: molecule is tagged as 2D, but at least one Z coordinate is not zero. Marking the mol as 3D.
[01:43:45] Warning: molecule is tagged as 2D, but at least one Z coordinate is not zero. Marking the mol as 3D.
[01:43:45] ERROR: Problems encountered parsing data fields
[01:43:45] ERROR: moving to the beginning of the next molecule
[01:43:45] Warning: molecule is tagged as 2D, but at least one Z coordinate is not zero. Marking the mol as 3D.
[01:43:45] Warning: molecule is tagged as 2D, but at least one Z coordinate is not zero. Marking the mol as 3D.
[01:43:45] Warning: molecule is tagged as 2D, but at least one Z coordinate is not zero. Marking the mol as 3D.
[01:43:45] Warning: molecule is tagged as 2D, but at least one Z coordinate is not zero. Marking the mol as 3D.
[01:43:45] ERROR: Problems encountered parsing data fields
[01:43:45] ERROR: moving to the beginning of the next molecule
[01:43:45] Warning: molecule is tagged as 2D, but at least one Z coordinate is not zero. Marking the mol as 3D.
[01:43:45] Warning: molecule is tagged as 2D, but at least one Z coordinate is not zero. Marking the mol as 3D.
[01:43:45] Warning: molecule is tagged as 2D, but at least one Z coordinate is not zero. Marking the mol as 3D.
[01:43:45] Warning: molecule is tagged as 2D, but at least one Z coordinate is not zero. Marking the mol as 3D.
[01:43:45] ERROR: Problems encountered parsing data fields
[01:43:45] ERROR: moving to the beginning of the next molecule
[01:43:45] Warning: molecule is tagged as 2D, but at least one Z coordinate is not zero. Marking the mol as 3D.
[01:43:45] Warning: molecule is tagged as 2D, but at least one Z coordinate is not zero. Marking the mol as 3D.
[01:43:45] Warning: molecule is tagged as 2D, but at least one Z coordinate is not zero. Marking the mol as 3D.
[01:43:45] Warning: molecule is tagged as 2D, but at least one Z coordinate is not zero. Marking the mol as 3D.
[01:43:45] ERROR: Problems encountered parsing data fields
[01:43:45] ERROR: moving to the beginning of the next molecule
[01:43:45] Warning: molecule is tagged as 2D, but at least one Z coordinate is not zero. Marking the mol as 3D.
[01:43:45] Warning: molecule is tagged as 2D, but at least one Z coordinate is not zero. Marking the mol as 3D.
[01:43:45] Warning: molecule is tagged as 2D, but at least one Z coordinate is not zero. Marking the mol as 3D.
[01:43:45] Warning: molecule is tagged as 2D, but at least one Z coordinate is not zero. Marking the mol as 3D.
[01:43:45] ERROR: Problems encountered parsing data fields
[01:43:45] ERROR: moving to the beginning of the next molecule
[01:43:45] Warning: molecule is tagged as 2D, but at least one Z coordinate is not zero. Marking the mol as 3D.
[01:43:45] Warning: molecule is tagged as 2D, but at least one Z coordinate is not zero. Marking the mol as 3D.
[01:43:45] Warning: molecule is tagged as 2D, but at least one Z coordinate is not zero. Marking the mol as 3D.
[01:43:45] Warning: molecule is tagged as 2D, but at least one Z coordinate is not zero. Marking the mol as 3D.
[01:43:45] ERROR: Problems encountered parsing data fields
[01:43:45] ERROR: moving to the beginning of the next molecule
[01:43:45] Warning: molecule is tagged as 2D, but at least one Z coordinate is not zero. Marking the mol as 3D.
[01:43:45] Warning: molecule is tagged as 2D, but at least one Z coordinate is not zero. Marking the mol as 3D.
[01:43:45] Warning: molecule is tagged as 2D, but at least one Z coordinate is not zero. Marking the mol as 3D.
[01:43:45] Warning: molecule is tagged as 2D, but at least one Z coordinate is not zero. Marking the mol as 3D.
[01:43:45] ERROR: Problems encountered parsing data fields
[01:43:45] ERROR: moving to the beginning of the next molecule
[01:43:45] Warning: molecule is tagged as 2D, but at least one Z coordinate is not zero. Marking the mol as 3D.
[01:43:45] Warning: molecule is tagged as 2D, but at least one Z coordinate is not zero. Marking the mol as 3D.
[01:43:45] Warning: molecule is tagged as 2D, but at least one Z coordinate is not zero. Marking the mol as 3D.
[01:43:45] Warning: molecule is tagged as 2D, but at least one Z coordinate is not zero. Marking the mol as 3D.
[01:43:45] ERROR: Problems encountered parsing data fields
[01:43:45] ERROR: moving to the beginning of the next molecule
[01:43:45] Warning: molecule is tagged as 2D, but at least one Z coordinate is not zero. Marking the mol as 3D.
[01:43:45] Warning: molecule is tagged as 2D, but at least one Z coordinate is not zero. Marking the mol as 3D.
[01:43:45] Warning: molecule is tagged as 2D, but at least one Z coordinate is not zero. Marking the mol as 3D.
[01:43:45] Warning: molecule is tagged as 2D, but at least one Z coordinate is not zero. Marking the mol as 3D.
[01:43:45] ERROR: Problems encountered parsing data fields
[01:43:45] ERROR: moving to the beginning of the next molecule
[01:43:45] Warning: molecule is tagged as 2D, but at least one Z coordinate is not zero. Marking the mol as 3D.
[01:43:45] Warning: molecule is tagged as 2D, but at least one Z coordinate is not zero. Marking the mol as 3D.
[01:43:45] Warning: molecule is tagged as 2D, but at least one Z coordinate is not zero. Marking the mol as 3D.
[01:43:45] Warning: molecule is tagged as 2D, but at least one Z coordinate is not zero. Marking the mol as 3D.
[01:43:45] ERROR: Problems encountered parsing data fields
[01:43:45] ERROR: moving to the beginning of the next molecule
[01:43:45] Warning: molecule is tagged as 2D, but at least one Z coordinate is not zero. Marking the mol as 3D.
[01:43:45] Warning: molecule is tagged as 2D, but at least one Z coordinate is not zero. Marking the mol as 3D.
[01:43:45] Warning: molecule is tagged as 2D, but at least one Z coordinate is not zero. Marking the mol as 3D.
[01:43:45] Warning: molecule is tagged as 2D, but at least one Z coordinate is not zero. Marking the mol as 3D.
[01:43:45] ERROR: Problems encountered parsing data fields
[01:43:45] ERROR: moving to the beginning of the next molecule
[01:43:45] Warning: molecule is tagged as 2D, but at least one Z coordinate is not zero. Marking the mol as 3D.
[01:43:45] Warning: molecule is tagged as 2D, but at least one Z coordinate is not zero. Marking the mol as 3D.
[01:43:45] Warning: molecule is tagged as 2D, but at least one Z coordinate is not zero. Marking the mol as 3D.
[01:43:45] Warning: molecule is tagged as 2D, but at least one Z coordinate is not zero. Marking the mol as 3D.
[01:43:45] ERROR: Problems encountered parsing data fields
[01:43:45] ERROR: moving to the beginning of the next molecule
[01:43:45] Warning: molecule is tagged as 2D, but at least one Z coordinate is not zero. Marking the mol as 3D.
[01:43:45] Warning: molecule is tagged as 2D, but at least one Z coordinate is not zero. Marking the mol as 3D.
[01:43:45] Warning: molecule is tagged as 2D, but at least one Z coordinate is not zero. Marking the mol as 3D.
[01:43:45] Warning: molecule is tagged as 2D, but at least one Z coordinate is not zero. Marking the mol as 3D.
[01:43:45] ERROR: Problems encountered parsing data fields
[01:43:45] ERROR: moving to the beginning of the next molecule
[01:43:45] Warning: molecule is tagged as 2D, but at least one Z coordinate is not zero. Marking the mol as 3D.
[01:43:45] Warning: molecule is tagged as 2D, but at least one Z coordinate is not zero. Marking the mol as 3D.
[01:43:45] Warning: molecule is tagged as 2D, but at least one Z coordinate is not zero. Marking the mol as 3D.
[01:43:45] Warning: molecule is tagged as 2D, but at least one Z coordinate is not zero. Marking the mol as 3D.
[01:43:45] ERROR: Problems encountered parsing data fields
[01:43:45] ERROR: moving to the beginning of the next molecule
[01:43:45] Warning: molecule is tagged as 2D, but at least one Z coordinate is not zero. Marking the mol as 3D.
[01:43:45] Warning: molecule is tagged as 2D, but at least one Z coordinate is not zero. Marking the mol as 3D.
[01:43:45] Warning: molecule is tagged as 2D, but at least one Z coordinate is not zero. Marking the mol as 3D.
[01:43:45] Warning: molecule is tagged as 2D, but at least one Z coordinate is not zero. Marking the mol as 3D.
[01:43:45] ERROR: Problems encountered parsing data fields
[01:43:45] ERROR: moving to the beginning of the next molecule
[01:43:45] Warning: molecule is tagged as 2D, but at least one Z coordinate is not zero. Marking the mol as 3D.
[01:43:45] Warning: molecule is tagged as 2D, but at least one Z coordinate is not zero. Marking the mol as 3D.
[01:43:45] Warning: molecule is tagged as 2D, but at least one Z coordinate is not zero. Marking the mol as 3D.
[01:43:45] Warning: molecule is tagged as 2D, but at least one Z coordinate is not zero. Marking the mol as 3D.
[01:43:45] ERROR: Problems encountered parsing data fields
[01:43:45] ERROR: moving to the beginning of the next molecule
[01:43:45] Warning: molecule is tagged as 2D, but at least one Z coordinate is not zero. Marking the mol as 3D.
[01:43:45] Warning: molecule is tagged as 2D, but at least one Z coordinate is not zero. Marking the mol as 3D.
[01:43:45] Warning: molecule is tagged as 2D, but at least one Z coordinate is not zero. Marking the mol as 3D.
[01:43:45] Warning: molecule is tagged as 2D, but at least one Z coordinate is not zero. Marking the mol as 3D.
[01:43:45] ERROR: Problems encountered parsing data fields
[01:43:45] ERROR: moving to the beginning of the next molecule
[01:43:45] Warning: molecule is tagged as 2D, but at least one Z coordinate is not zero. Marking the mol as 3D.
[01:43:45] Warning: molecule is tagged as 2D, but at least one Z coordinate is not zero. Marking the mol as 3D.
[01:43:45] Warning: molecule is tagged as 2D, but at least one Z coordinate is not zero. Marking the mol as 3D.
[01:43:45] Warning: molecule is tagged as 2D, but at least one Z coordinate is not zero. Marking the mol as 3D.
[01:43:45] ERROR: Problems encountered parsing data fields
[01:43:45] ERROR: moving to the beginning of the next molecule
[01:43:45] Warning: molecule is tagged as 2D, but at least one Z coordinate is not zero. Marking the mol as 3D.
[01:43:45] Warning: molecule is tagged as 2D, but at least one Z coordinate is not zero. Marking the mol as 3D.
[01:43:45] Warning: molecule is tagged as 2D, but at least one Z coordinate is not zero. Marking the mol as 3D.
[01:43:46] Warning: molecule is tagged as 2D, but at least one Z coordinate is not zero. Marking the mol as 3D.
[01:43:46] ERROR: Problems encountered parsing data fields
[01:43:46] ERROR: moving to the beginning of the next molecule
[01:43:46] Warning: molecule is tagged as 2D, but at least one Z coordinate is not zero. Marking the mol as 3D.
[01:43:46] Warning: molecule is tagged as 2D, but at least one Z coordinate is not zero. Marking the mol as 3D.
[01:43:46] Warning: molecule is tagged as 2D, but at least one Z coordinate is not zero. Marking the mol as 3D.
[01:43:46] Warning: molecule is tagged as 2D, but at least one Z coordinate is not zero. Marking the mol as 3D.
[01:43:46] ERROR: Problems encountered parsing data fields
[01:43:46] ERROR: moving to the beginning of the next molecule
[01:43:46] Warning: molecule is tagged as 2D, but at least one Z coordinate is not zero. Marking the mol as 3D.
[01:43:46] Warning: molecule is tagged as 2D, but at least one Z coordinate is not zero. Marking the mol as 3D.
[01:43:46] Warning: molecule is tagged as 2D, but at least one Z coordinate is not zero. Marking the mol as 3D.
[01:43:46] Warning: molecule is tagged as 2D, but at least one Z coordinate is not zero. Marking the mol as 3D.
[01:43:46] ERROR: Problems encountered parsing data fields
[01:43:46] ERROR: moving to the beginning of the next molecule
[01:43:46] Warning: molecule is tagged as 2D, but at least one Z coordinate is not zero. Marking the mol as 3D.
[01:43:46] Warning: molecule is tagged as 2D, but at least one Z coordinate is not zero. Marking the mol as 3D.
[01:43:46] Warning: molecule is tagged as 2D, but at least one Z coordinate is not zero. Marking the mol as 3D.
[01:43:46] Warning: molecule is tagged as 2D, but at least one Z coordinate is not zero. Marking the mol as 3D.
[01:43:46] ERROR: Problems encountered parsing data fields
[01:43:46] ERROR: moving to the beginning of the next molecule
[01:43:46] Warning: molecule is tagged as 2D, but at least one Z coordinate is not zero. Marking the mol as 3D.
[01:43:46] Warning: molecule is tagged as 2D, but at least one Z coordinate is not zero. Marking the mol as 3D.
[01:43:46] Warning: molecule is tagged as 2D, but at least one Z coordinate is not zero. Marking the mol as 3D.
[01:43:46] Warning: molecule is tagged as 2D, but at least one Z coordinate is not zero. Marking the mol as 3D.
[01:43:46] ERROR: Problems encountered parsing data fields
[01:43:46] ERROR: moving to the beginning of the next molecule
[01:43:46] Warning: molecule is tagged as 2D, but at least one Z coordinate is not zero. Marking the mol as 3D.
[01:43:46] Warning: molecule is tagged as 2D, but at least one Z coordinate is not zero. Marking the mol as 3D.
[01:43:46] Warning: molecule is tagged as 2D, but at least one Z coordinate is not zero. Marking the mol as 3D.
[01:43:46] Warning: molecule is tagged as 2D, but at least one Z coordinate is not zero. Marking the mol as 3D.
[01:43:46] ERROR: Problems encountered parsing data fields
[01:43:46] ERROR: moving to the beginning of the next molecule
[01:43:46] Warning: molecule is tagged as 2D, but at least one Z coordinate is not zero. Marking the mol as 3D.
[01:43:46] Warning: molecule is tagged as 2D, but at least one Z coordinate is not zero. Marking the mol as 3D.
[01:43:46] Warning: molecule is tagged as 2D, but at least one Z coordinate is not zero. Marking the mol as 3D.
[01:43:46] Warning: molecule is tagged as 2D, but at least one Z coordinate is not zero. Marking the mol as 3D.
[01:43:46] ERROR: Problems encountered parsing data fields
[01:43:46] ERROR: moving to the beginning of the next molecule
[01:43:46] Warning: molecule is tagged as 2D, but at least one Z coordinate is not zero. Marking the mol as 3D.
[01:43:47] Warning: molecule is tagged as 2D, but at least one Z coordinate is not zero. Marking the mol as 3D.
[01:43:47] Warning: molecule is tagged as 2D, but at least one Z coordinate is not zero. Marking the mol as 3D.
[01:43:47] Warning: molecule is tagged as 2D, but at least one Z coordinate is not zero. Marking the mol as 3D.
[01:43:47] ERROR: Problems encountered parsing data fields
[01:43:47] ERROR: moving to the beginning of the next molecule
[01:43:47] Warning: molecule is tagged as 2D, but at least one Z coordinate is not zero. Marking the mol as 3D.
[01:43:47] Warning: molecule is tagged as 2D, but at least one Z coordinate is not zero. Marking the mol as 3D.
[01:43:47] Warning: molecule is tagged as 2D, but at least one Z coordinate is not zero. Marking the mol as 3D.
[01:43:47] Warning: molecule is tagged as 2D, but at least one Z coordinate is not zero. Marking the mol as 3D.
[01:43:47] ERROR: Problems encountered parsing data fields
[01:43:47] ERROR: moving to the beginning of the next molecule
[01:43:47] Warning: molecule is tagged as 2D, but at least one Z coordinate is not zero. Marking the mol as 3D.
[01:43:47] Warning: molecule is tagged as 2D, but at least one Z coordinate is not zero. Marking the mol as 3D.
[01:43:47] Warning: molecule is tagged as 2D, but at least one Z coordinate is not zero. Marking the mol as 3D.
[01:43:47] Warning: molecule is tagged as 2D, but at least one Z coordinate is not zero. Marking the mol as 3D.
[01:43:47] ERROR: Problems encountered parsing data fields
[01:43:47] ERROR: moving to the beginning of the next molecule
[01:43:47] Warning: molecule is tagged as 2D, but at least one Z coordinate is not zero. Marking the mol as 3D.
[01:43:47] Warning: molecule is tagged as 2D, but at least one Z coordinate is not zero. Marking the mol as 3D.
[01:43:47] Warning: molecule is tagged as 2D, but at least one Z coordinate is not zero. Marking the mol as 3D.
[01:43:47] Warning: molecule is tagged as 2D, but at least one Z coordinate is not zero. Marking the mol as 3D.
[01:43:47] ERROR: Problems encountered parsing data fields
[01:43:47] ERROR: moving to the beginning of the next molecule
[01:43:47] Warning: molecule is tagged as 2D, but at least one Z coordinate is not zero. Marking the mol as 3D.
[01:43:47] Warning: molecule is tagged as 2D, but at least one Z coordinate is not zero. Marking the mol as 3D.
[01:43:47] Warning: molecule is tagged as 2D, but at least one Z coordinate is not zero. Marking the mol as 3D.
[01:43:47] Warning: molecule is tagged as 2D, but at least one Z coordinate is not zero. Marking the mol as 3D.
[01:43:47] ERROR: Problems encountered parsing data fields
[01:43:47] ERROR: moving to the beginning of the next molecule
[01:43:47] Warning: molecule is tagged as 2D, but at least one Z coordinate is not zero. Marking the mol as 3D.

========================================================================
========================================================================
# 2026-10-01T01:44:09-07:00  exit_code: 0  wall: 0.261s  rss: 113.8MB  gpu: 0
$ /home/aoxu/miniconda3/envs/rdkit_env/bin/python experiments/2026-10-01-ligand-af3msa-scoring-gate/validation-snapshots/gate.py /tmp/claude-1811945501/-mnt-katritch-lab2-aoxu-contrasCF/d049363b-7404-4041-b429-2b23b6e10900/scratchpad
--- stdout ---
[PASS] G1 Boltz-2 rows unchanged: new (6152, 24) vs old (6152, 24)
[PASS] G2a WT rate reproduces: overlap n=236  protein-arm 0.822  ligand-arm 0.835  (full ligand-arm n=237 rate 0.835)
[PASS] G2b per-system concordance: 0.987  median |dRMSD|=0.00 A
[PASS] G3a pre-existing docking rows unchanged: (5473, 10) vs (5473, 10)
[PASS] G3b ligand SurfDock ingested: 1269 rows, 249 systems, ok=1268
GATE PASS

--- stderr ---

========================================================================
