{
  "center": [
    42.259054054054054,
    30.949270270270272,
    34.475972972972976
  ],
  "size": [
    25.0,
    25.0,
    25.0
  ]
}