{
  "center": [
    16.717076923076924,
    16.93715384615385,
    21.566538461538464
  ],
  "size": [
    25.0,
    25.0,
    25.0
  ]
}