{
  "center": [
    -25.71348,
    8.212480000000001,
    -13.737519999999996
  ],
  "size": [
    25.0,
    25.0,
    25.0
  ]
}