{
  "center": [
    39.370071428571414,
    36.373535714285715,
    29.846071428571424
  ],
  "size": [
    25.0,
    25.0,
    25.0
  ]
}