{
  "center": [
    1.0151666666666666,
    43.53205555555556,
    2.4257777777777774
  ],
  "size": [
    25.0,
    25.0,
    25.0
  ]
}