{
  "center": [
    20.66805882352941,
    13.02288235294118,
    58.00876470588235
  ],
  "size": [
    25.0,
    25.0,
    25.0
  ]
}