{
  "center": [
    45.297777777777775,
    20.575000000000003,
    50.709333333333326
  ],
  "size": [
    25.0,
    25.0,
    25.0
  ]
}