{
  "center": [
    91.11706451612903,
    95.81332258064513,
    -45.94054838709677
  ],
  "size": [
    25.0,
    25.0,
    25.0
  ]
}