{
  "center": [
    56.09855,
    73.21419999999998,
    20.585199999999997
  ],
  "size": [
    25.0,
    25.0,
    25.0
  ]
}