{
  "center": [
    91.14410000000001,
    96.03786666666669,
    -45.87516666666666
  ],
  "size": [
    25.0,
    25.0,
    25.0
  ]
}