{
  "center": [
    -23.522499999999994,
    -16.045916666666667,
    -7.757333333333338
  ],
  "size": [
    25.0,
    25.0,
    25.0
  ]
}