{
  "center": [
    33.93242105263158,
    22.769473684210528,
    28.16921052631579
  ],
  "size": [
    25.0,
    25.0,
    25.0
  ]
}