{
  "center": [
    1.6544545454545452,
    6.921772727272728,
    26.733454545454546
  ],
  "size": [
    25.0,
    25.0,
    25.0
  ]
}