{
  "center": [
    55.74268421052632,
    39.264105263157894,
    20.668684210526315
  ],
  "size": [
    25.0,
    25.0,
    25.0
  ]
}