{
  "center": [
    25.035962962962962,
    27.75507407407408,
    27.437518518518527
  ],
  "size": [
    25.0,
    25.0,
    25.0
  ]
}