{
  "center": [
    8.733692307692309,
    2.0645384615384614,
    25.256769230769233
  ],
  "size": [
    25.0,
    25.0,
    25.0
  ]
}