{
  "center": [
    8.605703703703702,
    34.09966666666667,
    73.31037037037036
  ],
  "size": [
    25.0,
    25.0,
    25.0
  ]
}