{
  "center": [
    91.06066666666669,
    96.04039999999999,
    -45.87396666666666
  ],
  "size": [
    25.0,
    25.0,
    25.0
  ]
}