{
  "center": [
    15.32326666666667,
    10.499266666666669,
    -1.8684
  ],
  "size": [
    25.0,
    25.0,
    25.0
  ]
}