{
  "center": [
    80.97327272727273,
    5.018136363636364,
    31.19927272727273
  ],
  "size": [
    25.0,
    25.0,
    25.0
  ]
}