{
  "center": [
    16.415719999999997,
    22.001159999999995,
    48.466440000000006
  ],
  "size": [
    25.0,
    25.0,
    25.0
  ]
}