{
  "center": [
    -3.3510967741935485,
    10.473548387096775,
    22.268612903225804
  ],
  "size": [
    25.0,
    25.0,
    25.0
  ]
}