{
  "center": [
    6.542071428571428,
    55.268214285714286,
    1.3704285714285713
  ],
  "size": [
    25.0,
    25.0,
    25.0
  ]
}