{
  "center": [
    -13.88,
    -0.8514999999999998,
    2.922916666666667
  ],
  "size": [
    25.0,
    25.0,
    25.0
  ]
}