{
  "center": [
    -20.106757575757577,
    29.49815151515151,
    9.737878787878788
  ],
  "size": [
    25.0,
    25.0,
    25.0
  ]
}