{
  "center": [
    4.085837837837838,
    25.72024324324325,
    -4.615891891891892
  ],
  "size": [
    25.0,
    25.0,
    25.0
  ]
}