{
  "center": [
    6.6406875,
    82.1925625,
    0.15987500000000004
  ],
  "size": [
    25.0,
    25.0,
    25.0
  ]
}