{
  "center": [
    36.908,
    -0.4347142857142856,
    12.48595238095238
  ],
  "size": [
    25.0,
    25.0,
    25.0
  ]
}