{
  "center": [
    2.1443333333333334,
    0.4409166666666666,
    22.855249999999998
  ],
  "size": [
    25.0,
    25.0,
    25.0
  ]
}