{
  "center": [
    9.5583125,
    20.3806875,
    50.2725
  ],
  "size": [
    25.0,
    25.0,
    25.0
  ]
}